id,uuid,pid,language,title,fname,mname,lname,suffix,DOB,age,sex,street,city,state,postal_code,county,drivers_license,ss,phone_cell,occupation,status,pharmacy_id,race,ethnicity,email,pricelevel,deceased_date,deceased_reason,pubpid,date,regdate,religion,country_code,phone_home,phone_biz,phone_contact,contact_relationship,gender_identity,sexual_orientation,referrer,referrerID,email_direct,ethnoracial,interpretter,migrantseasonal,family_size,financial,monthly_income,homeless,genericname1,genericval1,genericname2,genericval2,squad,referral_source,primary_insurance,usertext2,usertext3,usertext4,usertext5,usertext6,usertext7,usertext8,userlist1,userlist2,userlist3,userlist4,userlist5,userlist6,userlist7,advance_directive_user_authenticator,vfc,mothersname,allow_imm_reg_use,allow_imm_info_share,allow_health_info_ex,allow_patient_portal,preferred_name,sex_identified,pronoun,providerID,ref_providerID,billing_note,financial_review,hipaa_mail,hipaa_voice,hipaa_notice,hipaa_message,hipaa_allowsms,hipaa_allowemail,fitness,contrastart,completed_ad,ad_reviewed,guardiansname,soap_import_status,cmsportal_login,care_team_provider,care_team_facility,care_team_status,industry,imm_reg_status,imm_reg_stat_effdate,publicity_code,publ_code_eff_date,protect_indicator,prot_indi_effdate,guardianrelationship,guardiansex,guardianaddress,guardiancity,guardianstate,guardianpostalcode,guardiancountry,guardianphone,guardianworkphone,guardianemail,birth_fname,birth_lname,birth_mname,dupscore,name_history,street_line_2,patient_groups,prevent_portal_apps,provider_since_date,created_by,updated_by,cost
1,NULL,1,English,,Peter,I,Brown,,5/25/1979,47,Male,1253 HEWES AVENUE,HARLINGEN,TX,78550,Cameron County,,123-54-6542,956-002-4163,Construction Worker,Married,1,Black,Not Hispanic or Latino,,standard,NULL,,1,0000-00-00 00:00:00,0000-00-00 00:00:00,Christianity,USA,,,,,,,,,,,,,,,,,,,,,,,,,,,,,,,,,,,,,,0,,,,,,YES,,,,NULL,NULL,NULL,NULL,NO,NO,NO,NO,YES,NO,0,NULL,NO,NULL,NULL,NULL,0,NULL,NULL,NULL,NULL,NULL,NULL,NULL,NULL,NULL,NULL,NULL,NULL,NULL,NULL,NULL,NULL,NULL,NULL,NULL,NULL,NULL,NULL,NULL,0,NULL,NULL,NULL,NULL,NULL,1,1,258
2,NULL,2,English,,Amy,D,Paz,,4/14/2005,21,Female,2524 ROMROG WAY,HOUSTON,TX,77032,Harris County,,123-56-9874,713-075-0322,Chemist,Single,1,Asian,Not Hispanic or Latino,,standard,NULL,,2,0000-00-00 00:00:00,0000-00-00 00:00:00,None,USA,,,,,,,,,,,,,,,,,,,,,,,,,,,,,,,,,,,,,,0,,,,,,YES,,,,NULL,NULL,NULL,NULL,NO,NO,NO,NO,YES,NO,0,NULL,NO,NULL,NULL,NULL,0,NULL,NULL,NULL,NULL,NULL,NULL,NULL,NULL,NULL,NULL,NULL,NULL,NULL,NULL,NULL,NULL,NULL,NULL,NULL,NULL,NULL,NULL,NULL,0,NULL,NULL,NULL,NULL,NULL,1,1,216
3,NULL,3,English,,Marge,,Simpson,,4/15/1971,55,Female,154 SPRING WAY,SPRINGFIELD,TX,78765,Travis County,,456-25-9874,451-256-9856,Housewife,Married,0,White,Not Hispanic or Latino,,standard,NULL,,3,0000-00-00 00:00:00,0000-00-00 00:00:00,None,USA,,,,,,,,,,,,,,,,,,,,,,,,,,,,,,,,,,,,,,0,,,,,,YES,,,,NULL,NULL,NULL,NULL,NO,NO,NO,NO,YES,NO,0,NULL,NO,NULL,NULL,NULL,0,NULL,NULL,NULL,NULL,NULL,NULL,NULL,NULL,NULL,NULL,NULL,NULL,NULL,NULL,NULL,NULL,NULL,NULL,NULL,NULL,NULL,NULL,NULL,0,NULL,NULL,NULL,NULL,NULL,1,1,277
4,NULL,4,English,,Jane,,Eyre,,8/10/1981,45,Female,741 THORN WAY,AUSTIN,TX,78765,Travis County,,321-65-9856,956-002-4154,Teacher,Widowed,1,White,Not Hispanic or Latino,,standard,NULL,,4,0000-00-00 00:00:00,0000-00-00 00:00:00,Christianity,USA,,,,,,,,,,,,,,,,,,,,,,,,,,,,,,,,,,,,,,0,,,,,,YES,,,,NULL,NULL,NULL,NULL,NO,NO,NO,NO,YES,NO,0,NULL,NO,NULL,NULL,NULL,0,NULL,NULL,NULL,NULL,NULL,NULL,NULL,NULL,NULL,NULL,NULL,NULL,NULL,NULL,NULL,NULL,NULL,NULL,NULL,NULL,NULL,NULL,NULL,0,NULL,NULL,NULL,NULL,NULL,1,1,164
5,NULL,5,English,,Darth,,Vader,,1/6/1992,34,Male,123 STAR WAY,AUSTIN,TX,77777,Travis County,,215-36-9856,451-263-9475,Ship Captain,Single,1,White,Not Hispanic or Latino,,standard,NULL,,5,0000-00-00 00:00:00,0000-00-00 00:00:00,None,USA,,,,,,,,,,,,,,,,,,,,,,,,,,,,,,,,,,,,,,0,,,,,,YES,,,,NULL,NULL,NULL,NULL,NO,NO,NO,NO,YES,NO,0,NULL,NO,NULL,NULL,NULL,0,NULL,NULL,NULL,NULL,NULL,NULL,NULL,NULL,NULL,NULL,NULL,NULL,NULL,NULL,NULL,NULL,NULL,NULL,NULL,NULL,NULL,NULL,NULL,0,NULL,NULL,NULL,NULL,NULL,1,1,230
6,NULL,6,English,Mr.,George,L,Hackney, ,8/5/2004,22,Male,62317 Alexa Avenue,Manor,TX,78653,Bastrop County,,162-99-3162,454-724-8754,Nursing aide,Married,0,Black,Hispanic or Latino,,standard,NULL,,GH-33M-A9204,0000-00-00 00:00:00,0000-00-00 00:00:00,Christianity,USA,,,,,,,,,,,,,,,,,,,,,,,,,,,,,,,,,,,,,,0,,,,,,YES,,,,NULL,NULL,NULL,NULL,NO,NO,NO,NO,YES,NO,0,NULL,NO,NULL,NULL,NULL,0,NULL,NULL,NULL,NULL,NULL,NULL,NULL,NULL,NULL,NULL,NULL,NULL,NULL,NULL,NULL,NULL,NULL,NULL,NULL,NULL,NULL,NULL,NULL,0,NULL,NULL,NULL,NULL,NULL,1,1,86
7,NULL,7,English,Mr.,Alexander,,Brandt, ,10/26/1934,92,Male,60650 Single Road,San antonio,TX,78230,Bexar County,,405-74-9099,301-308-5527,Stationary engineer,Divorced,0,White,Hispanic or Latino,,standard,NULL,,AB-74M-EC6A1,0000-00-00 00:00:00,0000-00-00 00:00:00,Islam,USA,,,,,,,,,,,,,,,,,,,,,,,,,,,,,,,,,,,,,,0,,,,,,YES,,,,NULL,NULL,NULL,NULL,NO,NO,NO,NO,YES,NO,0,NULL,NO,NULL,NULL,NULL,0,NULL,NULL,NULL,NULL,NULL,NULL,NULL,NULL,NULL,NULL,NULL,NULL,NULL,NULL,NULL,NULL,NULL,NULL,NULL,NULL,NULL,NULL,NULL,0,NULL,NULL,NULL,NULL,NULL,1,1,255
8,NULL,8,English,Mrs.,Madina,D,Panova, ,3/10/1954,72,Female,603 Sable Crescent,Marble falls,TX,78654,Travis County,,287-12-9672,246-037-1602,Bibliographer,Married,0,Asian,Hispanic or Latino,,discount,NULL,,MP-92F-C9BE6,0000-00-00 00:00:00,0000-00-00 00:00:00,None,USA,,,,,,,,,,,,,,,,,,,,,,,,,,,,,,,,,,,,,,0,,,,,,YES,,,,NULL,NULL,NULL,NULL,NO,NO,NO,NO,YES,NO,0,NULL,NO,NULL,NULL,NULL,0,NULL,NULL,NULL,NULL,NULL,NULL,NULL,NULL,NULL,NULL,NULL,NULL,NULL,NULL,NULL,NULL,NULL,NULL,NULL,NULL,NULL,NULL,NULL,0,NULL,NULL,NULL,NULL,NULL,1,1,176
9,NULL,9,English,Mr.,Yoshiyuki,,Ozawa, ,7/25/2000,26,Male,72386 Days Rd,Austin,TX,78734,Travis County,,481-92-8710,728-344-9307,Counselor,Single,0,Black,Not Hispanic or Latino,,discount,NULL,,YO-95M-76927,0000-00-00 00:00:00,0000-00-00 00:00:00,Judaism,USA,,,,,,,,,,,,,,,,,,,,,,,,,,,,,,,,,,,,,,0,,,,,,YES,,,,NULL,NULL,NULL,NULL,NO,NO,NO,NO,YES,NO,0,NULL,NO,NULL,NULL,NULL,0,NULL,NULL,NULL,NULL,NULL,NULL,NULL,NULL,NULL,NULL,NULL,NULL,NULL,NULL,NULL,NULL,NULL,NULL,NULL,NULL,NULL,NULL,NULL,0,NULL,NULL,NULL,NULL,NULL,1,1,82
10,NULL,10,English,Mr.,Stanley,R,Sills, ,8/1/2002,24,Male,23814 Tomintoul Square,Saint hedwig,TX,78152,Bexar County,,639-19-0821,442-096-4696,Bookbinder,Single,0,Asian,Not Hispanic or Latino,,standard,NULL,,SS-51M-A41BB,0000-00-00 00:00:00,0000-00-00 00:00:00,Christianity,USA,,,,,,,,,,,,,,,,,,,,,,,,,,,,,,,,,,,,,,0,,,,,,YES,,,,NULL,NULL,NULL,NULL,NO,NO,NO,NO,YES,NO,0,NULL,NO,NULL,NULL,NULL,0,NULL,NULL,NULL,NULL,NULL,NULL,NULL,NULL,NULL,NULL,NULL,NULL,NULL,NULL,NULL,NULL,NULL,NULL,NULL,NULL,NULL,NULL,NULL,0,NULL,NULL,NULL,NULL,NULL,1,1,124
11,NULL,11,English,,Mufeeda,Y,Khoury, ,9/25/1997,29,Female,94420 Scruttons Place,Austin,TX,78731,Travis County,,759-46-7487,505-823-3326,Press operator,Widowed,0,Hawaiian or Pacific Islander,Hispanic or Latino,,standard,NULL,,MK-18F-18F00,0000-00-00 00:00:00,0000-00-00 00:00:00,Buddhism,USA,,,,,,,,,,,,,,,,,,,,,,,,,,,,,,,,,,,,,,0,,,,,,YES,,,,NULL,NULL,NULL,NULL,NO,NO,NO,NO,YES,NO,0,NULL,NO,NULL,NULL,NULL,0,NULL,NULL,NULL,NULL,NULL,NULL,NULL,NULL,NULL,NULL,NULL,NULL,NULL,NULL,NULL,NULL,NULL,NULL,NULL,NULL,NULL,NULL,NULL,0,NULL,NULL,NULL,NULL,NULL,1,1,72
12,NULL,12,English,Mr.,Polo,M,Sandyman,PMP,5/4/2007,19,Male,4531 Enfield Grove,Austin,TX,78763,Travis County,,419-61-3182,431-608-7599,Medical records and health information technician,Single,0,Asian,Hispanic or Latino,,standard,NULL,,PS-50M-90B07,0000-00-00 00:00:00,0000-00-00 00:00:00,Judaism,USA,,,,,,,,,,,,,,,,,,,,,,,,,,,,,,,,,,,,,,0,,,,,,YES,,,,NULL,NULL,NULL,NULL,NO,NO,NO,NO,YES,NO,0,NULL,NO,NULL,NULL,NULL,0,NULL,NULL,NULL,NULL,NULL,NULL,NULL,NULL,NULL,NULL,NULL,NULL,NULL,NULL,NULL,NULL,NULL,NULL,NULL,NULL,NULL,NULL,NULL,0,NULL,NULL,NULL,NULL,NULL,1,1,233
13,NULL,13,English,Mrs.,Kisanet,A,Nuguse, ,11/17/1996,30,Female,72502 Tainui Ln,Pflugerville,TX,78691,Travis County,,811-73-4288,507-486-4635,Traffic clerk,Single,0,White,Not Hispanic or Latino,,discount,NULL,,KN-36F-F2792,0000-00-00 00:00:00,0000-00-00 00:00:00,Christianity,USA,,,,,,,,,,,,,,,,,,,,,,,,,,,,,,,,,,,,,,0,,,,,,YES,,,,NULL,NULL,NULL,NULL,NO,NO,NO,NO,YES,NO,0,NULL,NO,NULL,NULL,NULL,0,NULL,NULL,NULL,NULL,NULL,NULL,NULL,NULL,NULL,NULL,NULL,NULL,NULL,NULL,NULL,NULL,NULL,NULL,NULL,NULL,NULL,NULL,NULL,0,NULL,NULL,NULL,NULL,NULL,1,1,104
14,NULL,14,English,Mr.,Sagramor,L,Twofoot, ,2/26/1974,52,Male,77573 Cubbine St,Austin,TX,78745,Travis County,,419-27-9734,720-254-8269,Advisor investigator,Single,0,American Indian,Hispanic or Latino,,standard,NULL,,ST-82M-CD8E0,0000-00-00 00:00:00,0000-00-00 00:00:00,Islam,USA,,,,,,,,,,,,,,,,,,,,,,,,,,,,,,,,,,,,,,0,,,,,,YES,,,,NULL,NULL,NULL,NULL,NO,NO,NO,NO,YES,NO,0,NULL,NO,NULL,NULL,NULL,0,NULL,NULL,NULL,NULL,NULL,NULL,NULL,NULL,NULL,NULL,NULL,NULL,NULL,NULL,NULL,NULL,NULL,NULL,NULL,NULL,NULL,NULL,NULL,0,NULL,NULL,NULL,NULL,NULL,1,1,63
15,NULL,15,English,Hon.,Donatela,G,Iglesias, ,11/16/1934,92,Female,54044 Apollo Blvd,San antonio,TX,78203,Bexar County,,228-48-1340,887-111-6521,Mixing and blending machine operator,Single,0,Hawaiian or Pacific Islander,Not Hispanic or Latino,,discount,NULL,,DI-68F-79AD9,0000-00-00 00:00:00,0000-00-00 00:00:00,Christianity,USA,,,,,,,,,,,,,,,,,,,,,,,,,,,,,,,,,,,,,,0,,,,,,YES,,,,NULL,NULL,NULL,NULL,NO,NO,NO,NO,YES,NO,0,NULL,NO,NULL,NULL,NULL,0,NULL,NULL,NULL,NULL,NULL,NULL,NULL,NULL,NULL,NULL,NULL,NULL,NULL,NULL,NULL,NULL,NULL,NULL,NULL,NULL,NULL,NULL,NULL,0,NULL,NULL,NULL,NULL,NULL,1,1,243
16,NULL,16,English,Mrs.,Jana,P,Dubska, ,4/11/1951,75,Female,4320 Jonas Parkway,San antonio,TX,78265,Bexar County,,747-25-4139,446-056-9031,Airman,Single,0,Black,Not Hispanic or Latino,,discount,NULL,,JD-90F-B7AA0,0000-00-00 00:00:00,0000-00-00 00:00:00,Buddhism,USA,,,,,,,,,,,,,,,,,,,,,,,,,,,,,,,,,,,,,,0,,,,,,YES,,,,NULL,NULL,NULL,NULL,NO,NO,NO,NO,YES,NO,0,NULL,NO,NULL,NULL,NULL,0,NULL,NULL,NULL,NULL,NULL,NULL,NULL,NULL,NULL,NULL,NULL,NULL,NULL,NULL,NULL,NULL,NULL,NULL,NULL,NULL,NULL,NULL,NULL,0,NULL,NULL,NULL,NULL,NULL,1,1,183
17,NULL,17,English,Hon.,Suzanne,,Holmes, ,10/29/1959,67,Female,35011 Hyslop Lane,Austin,TX,78748,Travis County,,294-52-0856,316-211-4040,Experimental psychologist,Single,0,Black,Not Hispanic or Latino,,standard,NULL,,SH-33F-B1E65,0000-00-00 00:00:00,0000-00-00 00:00:00,None,USA,,,,,,,,,,,,,,,,,,,,,,,,,,,,,,,,,,,,,,0,,,,,,YES,,,,NULL,NULL,NULL,NULL,NO,NO,NO,NO,YES,NO,0,NULL,NO,NULL,NULL,NULL,0,NULL,NULL,NULL,NULL,NULL,NULL,NULL,NULL,NULL,NULL,NULL,NULL,NULL,NULL,NULL,NULL,NULL,NULL,NULL,NULL,NULL,NULL,NULL,0,NULL,NULL,NULL,NULL,NULL,1,1,158
18,NULL,18,English,Ms.,Lkor,V,Kruge, ,2/16/1985,41,Female,58847 Birkinshaw Drive,Austin,TX,78763,Travis County,,575-12-1790,850-717-0804,Telephone line installer,Married,0,Hawaiian or Pacific Islander,Not Hispanic or Latino,,standard,NULL,,LK-58F-EA71A,0000-00-00 00:00:00,0000-00-00 00:00:00,Christianity,USA,,,,,,,,,,,,,,,,,,,,,,,,,,,,,,,,,,,,,,0,,,,,,YES,,,,NULL,NULL,NULL,NULL,NO,NO,NO,NO,YES,NO,0,NULL,NO,NULL,NULL,NULL,0,NULL,NULL,NULL,NULL,NULL,NULL,NULL,NULL,NULL,NULL,NULL,NULL,NULL,NULL,NULL,NULL,NULL,NULL,NULL,NULL,NULL,NULL,NULL,0,NULL,NULL,NULL,NULL,NULL,1,1,213
19,NULL,19,English,Mrs.,Vanessa,,Morgan, ,6/20/1966,60,Female,89963 Manhattan Sq,Austin,TX,78722,Travis County,,612-84-5263,820-544-6490,News analyst,Single,0,White,Not Hispanic or Latino,,discount,NULL,,VM-98F-A60F6,0000-00-00 00:00:00,0000-00-00 00:00:00,Christianity,USA,,,,,,,,,,,,,,,,,,,,,,,,,,,,,,,,,,,,,,0,,,,,,YES,,,,NULL,NULL,NULL,NULL,NO,NO,NO,NO,YES,NO,0,NULL,NO,NULL,NULL,NULL,0,NULL,NULL,NULL,NULL,NULL,NULL,NULL,NULL,NULL,NULL,NULL,NULL,NULL,NULL,NULL,NULL,NULL,NULL,NULL,NULL,NULL,NULL,NULL,0,NULL,NULL,NULL,NULL,NULL,1,1,288
20,NULL,20,English,Mrs.,Hanayo,M,Tamura, ,10/15/1974,52,Female,30891 Roscommon Drive,Austin,TX,78737,Hays County,,671-09-1335,507-443-0272,Fine artist,Single,0,White,Hispanic or Latino,,discount,NULL,,HT-101F-8D25E,0000-00-00 00:00:00,0000-00-00 00:00:00,Islam,USA,,,,,,,,,,,,,,,,,,,,,,,,,,,,,,,,,,,,,,0,,,,,,YES,,,,NULL,NULL,NULL,NULL,NO,NO,NO,NO,YES,NO,0,NULL,NO,NULL,NULL,NULL,0,NULL,NULL,NULL,NULL,NULL,NULL,NULL,NULL,NULL,NULL,NULL,NULL,NULL,NULL,NULL,NULL,NULL,NULL,NULL,NULL,NULL,NULL,NULL,0,NULL,NULL,NULL,NULL,NULL,1,1,229
21,NULL,21,English,Ms.,Idalia,A,Duenas, ,6/13/1997,29,Female,78603 Stoneyhurst Pkwy,San antonio,TX,78240,Bexar County,,769-84-1071,237-268-2498,Computer scientist,Single,0,American Indian,Hispanic or Latino,,discount,NULL,,ID-52F-AB10A,0000-00-00 00:00:00,0000-00-00 00:00:00,Christianity,USA,,,,,,,,,,,,,,,,,,,,,,,,,,,,,,,,,,,,,,0,,,,,,YES,,,,NULL,NULL,NULL,NULL,NO,NO,NO,NO,YES,NO,0,NULL,NO,NULL,NULL,NULL,0,NULL,NULL,NULL,NULL,NULL,NULL,NULL,NULL,NULL,NULL,NULL,NULL,NULL,NULL,NULL,NULL,NULL,NULL,NULL,NULL,NULL,NULL,NULL,0,NULL,NULL,NULL,NULL,NULL,1,1,254
22,NULL,22,English,Ms.,Kimika,K,Kinjo, ,4/18/1981,45,Female,39410 Hawthorne Road,San antonio,TX,78202,Bexar County,,291-75-7802,606-425-0195,Administrator,Widowed,0,Asian,Not Hispanic or Latino,,discount,NULL,,KK-53F-28AF8,0000-00-00 00:00:00,0000-00-00 00:00:00,Christianity,USA,,,,,,,,,,,,,,,,,,,,,,,,,,,,,,,,,,,,,,0,,,,,,YES,,,,NULL,NULL,NULL,NULL,NO,NO,NO,NO,YES,NO,0,NULL,NO,NULL,NULL,NULL,0,NULL,NULL,NULL,NULL,NULL,NULL,NULL,NULL,NULL,NULL,NULL,NULL,NULL,NULL,NULL,NULL,NULL,NULL,NULL,NULL,NULL,NULL,NULL,0,NULL,NULL,NULL,NULL,NULL,1,1,281
23,NULL,23,English,Mrs.,Skye,L,Sutherland, ,10/14/1983,43,Female,97743 Soling Street,Bulverde,TX,78163,Bexar County,,117-87-4188,658-735-1492,Information technology trainer,Single,0,White,Hispanic or Latino,,standard,NULL,,SS-49F-94B6E,0000-00-00 00:00:00,0000-00-00 00:00:00,Christianity,USA,,,,,,,,,,,,,,,,,,,,,,,,,,,,,,,,,,,,,,0,,,,,,YES,,,,NULL,NULL,NULL,NULL,NO,NO,NO,NO,YES,NO,0,NULL,NO,NULL,NULL,NULL,0,NULL,NULL,NULL,NULL,NULL,NULL,NULL,NULL,NULL,NULL,NULL,NULL,NULL,NULL,NULL,NULL,NULL,NULL,NULL,NULL,NULL,NULL,NULL,0,NULL,NULL,NULL,NULL,NULL,1,1,70
24,NULL,24,English,Mrs.,Emily,T,Derry, ,11/24/1945,81,Female,5606 Tarndale Hwy,San antonio,TX,78213,Bexar County,,876-99-9629,781-385-4428,Photogrammetrist,Divorced,0,Black,Not Hispanic or Latino,,standard,NULL,,ED-59F-C73CC,0000-00-00 00:00:00,0000-00-00 00:00:00,Christianity,USA,,,,,,,,,,,,,,,,,,,,,,,,,,,,,,,,,,,,,,0,,,,,,YES,,,,NULL,NULL,NULL,NULL,NO,NO,NO,NO,YES,NO,0,NULL,NO,NULL,NULL,NULL,0,NULL,NULL,NULL,NULL,NULL,NULL,NULL,NULL,NULL,NULL,NULL,NULL,NULL,NULL,NULL,NULL,NULL,NULL,NULL,NULL,NULL,NULL,NULL,0,NULL,NULL,NULL,NULL,NULL,1,1,291
25,NULL,25,English,,Paladin,C,Brown, ,2/21/1997,29,Male,54255 Hasbury Road,San antonio,TX,78258,Bexar County,,772-73-8900,260-311-7385,Charter bus driver,Single,0,American Indian,Not Hispanic or Latino,,standard,NULL,,PB-22M-93DA1,0000-00-00 00:00:00,0000-00-00 00:00:00,Islam,USA,,,,,,,,,,,,,,,,,,,,,,,,,,,,,,,,,,,,,,0,,,,,,YES,,,,NULL,NULL,NULL,NULL,NO,NO,NO,NO,YES,NO,0,NULL,NO,NULL,NULL,NULL,0,NULL,NULL,NULL,NULL,NULL,NULL,NULL,NULL,NULL,NULL,NULL,NULL,NULL,NULL,NULL,NULL,NULL,NULL,NULL,NULL,NULL,NULL,NULL,0,NULL,NULL,NULL,NULL,NULL,1,1,131
26,NULL,26,English,Mr.,Damian,A,Quiroz, ,4/1/1967,59,Male,59951 South Molle Pkwy,San marcos,TX,78667,Hays County,,598-45-0673,906-223-0370,Interior designer,Married,0,Asian,Not Hispanic or Latino,,standard,NULL,,DQ-27M-FE44F,0000-00-00 00:00:00,0000-00-00 00:00:00,None,USA,,,,,,,,,,,,,,,,,,,,,,,,,,,,,,,,,,,,,,0,,,,,,YES,,,,NULL,NULL,NULL,NULL,NO,NO,NO,NO,YES,NO,0,NULL,NO,NULL,NULL,NULL,0,NULL,NULL,NULL,NULL,NULL,NULL,NULL,NULL,NULL,NULL,NULL,NULL,NULL,NULL,NULL,NULL,NULL,NULL,NULL,NULL,NULL,NULL,NULL,0,NULL,NULL,NULL,NULL,NULL,1,1,295
27,NULL,27,English,Mr.,Arihiro,Y,Kawabata, ,12/18/1987,39,Male,1973 Barnes Ct,San antonio,TX,78259,Bexar County,,772-17-6337,247-073-5191,Management development specialist,Divorced,0,White,Not Hispanic or Latino,,standard,NULL,,AK-67M-7EDE1,0000-00-00 00:00:00,0000-00-00 00:00:00,None,USA,,,,,,,,,,,,,,,,,,,,,,,,,,,,,,,,,,,,,,0,,,,,,YES,,,,NULL,NULL,NULL,NULL,NO,NO,NO,NO,YES,NO,0,NULL,NO,NULL,NULL,NULL,0,NULL,NULL,NULL,NULL,NULL,NULL,NULL,NULL,NULL,NULL,NULL,NULL,NULL,NULL,NULL,NULL,NULL,NULL,NULL,NULL,NULL,NULL,NULL,0,NULL,NULL,NULL,NULL,NULL,1,1,240
28,NULL,28,English,Mr.,Gregory,H,Ferguson, ,10/18/1941,85,Male,13178 Pukatea Sq,New braunfels,TX,78130,Guadalupe County,,859-94-9174,834-383-0249,Radio mechanic,Married,0,White,Not Hispanic or Latino,,standard,NULL,,GF-87M-26539,0000-00-00 00:00:00,0000-00-00 00:00:00,None,USA,,,,,,,,,,,,,,,,,,,,,,,,,,,,,,,,,,,,,,0,,,,,,YES,,,,NULL,NULL,NULL,NULL,NO,NO,NO,NO,YES,NO,0,NULL,NO,NULL,NULL,NULL,0,NULL,NULL,NULL,NULL,NULL,NULL,NULL,NULL,NULL,NULL,NULL,NULL,NULL,NULL,NULL,NULL,NULL,NULL,NULL,NULL,NULL,NULL,NULL,0,NULL,NULL,NULL,NULL,NULL,1,1,286
29,NULL,29,English,Hon.,Sora,S,Ageda,CAHIMS,4/15/1939,87,Male,25647 Tarewa Cove,San antonio,TX,78226,Bexar County,,413-41-8403,838-393-4175,EMR Database administrator,Single,0,White,Not Hispanic or Latino,,discount,NULL,,SA-73M-EA133,0000-00-00 00:00:00,0000-00-00 00:00:00,Christianity,USA,,,,,,,,,,,,,,,,,,,,,,,,,,,,,,,,,,,,,,0,,,,,,YES,,,,NULL,NULL,NULL,NULL,NO,NO,NO,NO,YES,NO,0,NULL,NO,NULL,NULL,NULL,0,NULL,NULL,NULL,NULL,NULL,NULL,NULL,NULL,NULL,NULL,NULL,NULL,NULL,NULL,NULL,NULL,NULL,NULL,NULL,NULL,NULL,NULL,NULL,0,NULL,NULL,NULL,NULL,NULL,1,1,136
30,NULL,30,English,Ms.,Mattie,D,Budd, ,6/25/1936,90,Female,39968 Farrelly Ave,Austin,TX,78701,Travis County,,336-65-7953,615-892-7412,Captain,Single,0,Black,Not Hispanic or Latino,,standard,NULL,,MB-39F-1821F,0000-00-00 00:00:00,0000-00-00 00:00:00,Christianity,USA,,,,,,,,,,,,,,,,,,,,,,,,,,,,,,,,,,,,,,0,,,,,,YES,,,,NULL,NULL,NULL,NULL,NO,NO,NO,NO,YES,NO,0,NULL,NO,NULL,NULL,NULL,0,NULL,NULL,NULL,NULL,NULL,NULL,NULL,NULL,NULL,NULL,NULL,NULL,NULL,NULL,NULL,NULL,NULL,NULL,NULL,NULL,NULL,NULL,NULL,0,NULL,NULL,NULL,NULL,NULL,1,1,67
31,NULL,31,English,Prof.,Klaus,,Lomeli,PhD,9/28/2003,23,Male,20864 Waller Cove,Austin,TX,78736,Hays County,,145-46-0603,381-440-1999,Professor,Married,0,American Indian,Not Hispanic or Latino,,standard,NULL,,KL-31M-FC8C8,0000-00-00 00:00:00,0000-00-00 00:00:00,Buddhism,USA,,,,,,,,,,,,,,,,,,,,,,,,,,,,,,,,,,,,,,0,,,,,,YES,,,,NULL,NULL,NULL,NULL,NO,NO,NO,NO,YES,NO,0,NULL,NO,NULL,NULL,NULL,0,NULL,NULL,NULL,NULL,NULL,NULL,NULL,NULL,NULL,NULL,NULL,NULL,NULL,NULL,NULL,NULL,NULL,NULL,NULL,NULL,NULL,NULL,NULL,0,NULL,NULL,NULL,NULL,NULL,1,1,167
32,NULL,32,English,Ms.,Taylah,J,Gay,MBA,8/30/1999,27,Female,91548 Lord Hwy,Austin,TX,78752,Travis County,,109-53-3097,690-438-1723,PBX operator,Married,0,Black,Not Hispanic or Latino,,standard,NULL,,TG-71F-F484C,0000-00-00 00:00:00,0000-00-00 00:00:00,Buddhism,USA,,,,,,,,,,,,,,,,,,,,,,,,,,,,,,,,,,,,,,0,,,,,,YES,,,,NULL,NULL,NULL,NULL,NO,NO,NO,NO,YES,NO,0,NULL,NO,NULL,NULL,NULL,0,NULL,NULL,NULL,NULL,NULL,NULL,NULL,NULL,NULL,NULL,NULL,NULL,NULL,NULL,NULL,NULL,NULL,NULL,NULL,NULL,NULL,NULL,NULL,0,NULL,NULL,NULL,NULL,NULL,1,1,63
33,NULL,33,English,Mr.,Jim,M,Novak, ,3/7/1956,70,Male,306 Saxton Route,Austin,TX,78744,Travis County,,838-62-9641,234-215-0601,Refractory mason,Married,0,American Indian,Hispanic or Latino,,standard,NULL,,JN-85M-57FB5,0000-00-00 00:00:00,0000-00-00 00:00:00,Christianity,USA,,,,,,,,,,,,,,,,,,,,,,,,,,,,,,,,,,,,,,0,,,,,,YES,,,,NULL,NULL,NULL,NULL,NO,NO,NO,NO,YES,NO,0,NULL,NO,NULL,NULL,NULL,0,NULL,NULL,NULL,NULL,NULL,NULL,NULL,NULL,NULL,NULL,NULL,NULL,NULL,NULL,NULL,NULL,NULL,NULL,NULL,NULL,NULL,NULL,NULL,0,NULL,NULL,NULL,NULL,NULL,1,1,54
34,NULL,34,English,,Harry,L,Eaves, ,12/2/1964,62,Male,53440 Te Hutewai Place,San antonio,TX,78248,Bexar County,,612-51-1340,835-670-7849,Bindery worker,Single,0,White,Not Hispanic or Latino,,standard,NULL,,HE-20M-8E4E5,0000-00-00 00:00:00,0000-00-00 00:00:00,Christianity,USA,,,,,,,,,,,,,,,,,,,,,,,,,,,,,,,,,,,,,,0,,,,,,YES,,,,NULL,NULL,NULL,NULL,NO,NO,NO,NO,YES,NO,0,NULL,NO,NULL,NULL,NULL,0,NULL,NULL,NULL,NULL,NULL,NULL,NULL,NULL,NULL,NULL,NULL,NULL,NULL,NULL,NULL,NULL,NULL,NULL,NULL,NULL,NULL,NULL,NULL,0,NULL,NULL,NULL,NULL,NULL,1,1,50
35,NULL,35,English,Mr.,William,A,Sieg,RHIT,6/23/2002,24,Male,86276 Lynda Road,San antonio,TX,78283,Bexar County,,212-22-7881,500-245-8504,Health information technician,Widowed,0,Black,Hispanic or Latino,,standard,NULL,,WS-81M-4DF4E,0000-00-00 00:00:00,0000-00-00 00:00:00,Christianity,USA,,,,,,,,,,,,,,,,,,,,,,,,,,,,,,,,,,,,,,0,,,,,,YES,,,,NULL,NULL,NULL,NULL,NO,NO,NO,NO,YES,NO,0,NULL,NO,NULL,NULL,NULL,0,NULL,NULL,NULL,NULL,NULL,NULL,NULL,NULL,NULL,NULL,NULL,NULL,NULL,NULL,NULL,NULL,NULL,NULL,NULL,NULL,NULL,NULL,NULL,0,NULL,NULL,NULL,NULL,NULL,1,1,61
36,NULL,36,English,Prof.,Hui,,Meng,PhD,7/25/1989,37,Male,20194 Gascoigne Parkway,Dripping springs,TX,78620,Hays County,,495-96-9552,462-804-7805,Professor,Married,0,White,Not Hispanic or Latino,,standard,NULL,,HM-85M-3563E,0000-00-00 00:00:00,0000-00-00 00:00:00,Islam,USA,,,,,,,,,,,,,,,,,,,,,,,,,,,,,,,,,,,,,,0,,,,,,YES,,,,NULL,NULL,NULL,NULL,NO,NO,NO,NO,YES,NO,0,NULL,NO,NULL,NULL,NULL,0,NULL,NULL,NULL,NULL,NULL,NULL,NULL,NULL,NULL,NULL,NULL,NULL,NULL,NULL,NULL,NULL,NULL,NULL,NULL,NULL,NULL,NULL,NULL,0,NULL,NULL,NULL,NULL,NULL,1,1,125
37,NULL,37,English,,Wayne,J,Castaneda, ,12/9/1941,85,Male,45007 Crinan Terrace,Atascosa,TX,78002,Bexar County,,185-11-9705,201-354-2257,Apparel worker,Divorced,0,White,Not Hispanic or Latino,,standard,NULL,,WC-23M-C345D,0000-00-00 00:00:00,0000-00-00 00:00:00,Judaism,USA,,,,,,,,,,,,,,,,,,,,,,,,,,,,,,,,,,,,,,0,,,,,,YES,,,,NULL,NULL,NULL,NULL,NO,NO,NO,NO,YES,NO,0,NULL,NO,NULL,NULL,NULL,0,NULL,NULL,NULL,NULL,NULL,NULL,NULL,NULL,NULL,NULL,NULL,NULL,NULL,NULL,NULL,NULL,NULL,NULL,NULL,NULL,NULL,NULL,NULL,0,NULL,NULL,NULL,NULL,NULL,1,1,143
38,NULL,38,English,Mrs.,Camille,K,Fields, ,5/30/1927,99,Female,637 Pharazyn Grove,Austin,TX,78736,Hays County,,218-52-1409,593-658-3992,Polisher,Single,0,Hawaiian or Pacific Islander,Not Hispanic or Latino,,discount,NULL,,CF-39F-14041,0000-00-00 00:00:00,0000-00-00 00:00:00,Buddhism,USA,,,,,,,,,,,,,,,,,,,,,,,,,,,,,,,,,,,,,,0,,,,,,YES,,,,NULL,NULL,NULL,NULL,NO,NO,NO,NO,YES,NO,0,NULL,NO,NULL,NULL,NULL,0,NULL,NULL,NULL,NULL,NULL,NULL,NULL,NULL,NULL,NULL,NULL,NULL,NULL,NULL,NULL,NULL,NULL,NULL,NULL,NULL,NULL,NULL,NULL,0,NULL,NULL,NULL,NULL,NULL,1,1,39
39,NULL,39,English,Ms.,Tracy,,Moore, ,3/3/1963,63,Female,80706 Chatfield Crescent,San antonio,TX,78266,Bexar County,,144-45-2341,747-945-4489,Social scientist,Divorced,0,Asian,Hispanic or Latino,,standard,NULL,,TM-81F-1D5C8,0000-00-00 00:00:00,0000-00-00 00:00:00,Buddhism,USA,,,,,,,,,,,,,,,,,,,,,,,,,,,,,,,,,,,,,,0,,,,,,YES,,,,NULL,NULL,NULL,NULL,NO,NO,NO,NO,YES,NO,0,NULL,NO,NULL,NULL,NULL,0,NULL,NULL,NULL,NULL,NULL,NULL,NULL,NULL,NULL,NULL,NULL,NULL,NULL,NULL,NULL,NULL,NULL,NULL,NULL,NULL,NULL,NULL,NULL,0,NULL,NULL,NULL,NULL,NULL,1,1,277
40,NULL,40,English,Ms.,Denise,M,Lapresse, ,6/4/1971,55,Female,78854 Java Street,Martindale,TX,78655,Guadalupe County,,740-39-4481,373-838-2136,Soil scientist,Married,0,Black,Not Hispanic or Latino,,discount,NULL,,DL-58F-DCAC0,0000-00-00 00:00:00,0000-00-00 00:00:00,Judaism,USA,,,,,,,,,,,,,,,,,,,,,,,,,,,,,,,,,,,,,,0,,,,,,YES,,,,NULL,NULL,NULL,NULL,NO,NO,NO,NO,YES,NO,0,NULL,NO,NULL,NULL,NULL,0,NULL,NULL,NULL,NULL,NULL,NULL,NULL,NULL,NULL,NULL,NULL,NULL,NULL,NULL,NULL,NULL,NULL,NULL,NULL,NULL,NULL,NULL,NULL,0,NULL,NULL,NULL,NULL,NULL,1,1,156
41,NULL,41,English,Dr.,Jonathan,,Conley,M.D.,9/3/1987,39,Male,47283 Rajputana Ave,San antonio,TX,78224,Bexar County,,650-23-3063,441-801-8228,Allopathic surgeon,Divorced,0,White,Not Hispanic or Latino,,discount,NULL,,JC-64M-D2DFC,0000-00-00 00:00:00,0000-00-00 00:00:00,None,USA,,,,,,,,,,,,,,,,,,,,,,,,,,,,,,,,,,,,,,0,,,,,,YES,,,,NULL,NULL,NULL,NULL,NO,NO,NO,NO,YES,NO,0,NULL,NO,NULL,NULL,NULL,0,NULL,NULL,NULL,NULL,NULL,NULL,NULL,NULL,NULL,NULL,NULL,NULL,NULL,NULL,NULL,NULL,NULL,NULL,NULL,NULL,NULL,NULL,NULL,0,NULL,NULL,NULL,NULL,NULL,1,1,190
42,NULL,42,English,Hon.,Xavier,L,Primeau, ,12/12/1999,27,Male,96298 Northview Pkwy,San antonio,TX,78207,Bexar County,,774-66-2886,784-715-5467,Administrative officer,Single,0,Hawaiian or Pacific Islander,Not Hispanic or Latino,,discount,NULL,,XP-38M-DCD69,0000-00-00 00:00:00,0000-00-00 00:00:00,None,USA,,,,,,,,,,,,,,,,,,,,,,,,,,,,,,,,,,,,,,0,,,,,,YES,,,,NULL,NULL,NULL,NULL,NO,NO,NO,NO,YES,NO,0,NULL,NO,NULL,NULL,NULL,0,NULL,NULL,NULL,NULL,NULL,NULL,NULL,NULL,NULL,NULL,NULL,NULL,NULL,NULL,NULL,NULL,NULL,NULL,NULL,NULL,NULL,NULL,NULL,0,NULL,NULL,NULL,NULL,NULL,1,1,183
43,NULL,43,English,,Nenad,M,Matic, ,5/31/1967,59,Male,48381 Regina Road,San antonio,TX,78215,Bexar County,,137-63-5568,745-290-7831,Courier,Married,0,Black,Not Hispanic or Latino,,standard,NULL,,NM-24M-275A9,0000-00-00 00:00:00,0000-00-00 00:00:00,Christianity,USA,,,,,,,,,,,,,,,,,,,,,,,,,,,,,,,,,,,,,,0,,,,,,YES,,,,NULL,NULL,NULL,NULL,NO,NO,NO,NO,YES,NO,0,NULL,NO,NULL,NULL,NULL,0,NULL,NULL,NULL,NULL,NULL,NULL,NULL,NULL,NULL,NULL,NULL,NULL,NULL,NULL,NULL,NULL,NULL,NULL,NULL,NULL,NULL,NULL,NULL,0,NULL,NULL,NULL,NULL,NULL,1,1,45
44,NULL,44,English,Mr.,Porro,P,Gaukrogers, ,12/7/1947,79,Male,67988 Sandyford Sq,San antonio,TX,78268,Bexar County,,189-40-9493,282-864-7929,Job estimator,Widowed,0,Hawaiian or Pacific Islander,Not Hispanic or Latino,,discount,NULL,,PG-86M-69165,0000-00-00 00:00:00,0000-00-00 00:00:00,Buddhism,USA,,,,,,,,,,,,,,,,,,,,,,,,,,,,,,,,,,,,,,0,,,,,,YES,,,,NULL,NULL,NULL,NULL,NO,NO,NO,NO,YES,NO,0,NULL,NO,NULL,NULL,NULL,0,NULL,NULL,NULL,NULL,NULL,NULL,NULL,NULL,NULL,NULL,NULL,NULL,NULL,NULL,NULL,NULL,NULL,NULL,NULL,NULL,NULL,NULL,NULL,0,NULL,NULL,NULL,NULL,NULL,1,1,186
45,NULL,45,English,Mr.,Jack,M,Araujo, ,9/15/1938,88,Male,68117 Burwah Drive,San antonio,TX,78249,Bexar County,,132-31-2397,283-225-9366,Dressing room attendant,Single,0,White,Hispanic or Latino,,discount,NULL,,JA-50M-64499,0000-00-00 00:00:00,0000-00-00 00:00:00,Judaism,USA,,,,,,,,,,,,,,,,,,,,,,,,,,,,,,,,,,,,,,0,,,,,,YES,,,,NULL,NULL,NULL,NULL,NO,NO,NO,NO,YES,NO,0,NULL,NO,NULL,NULL,NULL,0,NULL,NULL,NULL,NULL,NULL,NULL,NULL,NULL,NULL,NULL,NULL,NULL,NULL,NULL,NULL,NULL,NULL,NULL,NULL,NULL,NULL,NULL,NULL,0,NULL,NULL,NULL,NULL,NULL,1,1,223
46,NULL,46,English,Ms.,Dorothy,B,Hughes, ,9/19/1941,85,Female,46837 De Havilland Alley,San antonio,TX,78209,Bexar County,,315-70-6530,715-697-4057,Legislator,Widowed,0,White,Not Hispanic or Latino,,standard,NULL,,DH-50F-61A81,0000-00-00 00:00:00,0000-00-00 00:00:00,Buddhism,USA,,,,,,,,,,,,,,,,,,,,,,,,,,,,,,,,,,,,,,0,,,,,,YES,,,,NULL,NULL,NULL,NULL,NO,NO,NO,NO,YES,NO,0,NULL,NO,NULL,NULL,NULL,0,NULL,NULL,NULL,NULL,NULL,NULL,NULL,NULL,NULL,NULL,NULL,NULL,NULL,NULL,NULL,NULL,NULL,NULL,NULL,NULL,NULL,NULL,NULL,0,NULL,NULL,NULL,NULL,NULL,1,1,258
47,NULL,47,English,Mrs.,Lola,,Gellert, ,4/25/1974,52,Female,30623 Mokopuna Crescent,Dripping springs,TX,78620,Hays County,,663-51-0109,520-772-6309,Floor layer,Married,0,Hawaiian or Pacific Islander,Not Hispanic or Latino,,standard,NULL,,LG-63F-DC683,0000-00-00 00:00:00,0000-00-00 00:00:00,Judaism,USA,,,,,,,,,,,,,,,,,,,,,,,,,,,,,,,,,,,,,,0,,,,,,YES,,,,NULL,NULL,NULL,NULL,NO,NO,NO,NO,YES,NO,0,NULL,NO,NULL,NULL,NULL,0,NULL,NULL,NULL,NULL,NULL,NULL,NULL,NULL,NULL,NULL,NULL,NULL,NULL,NULL,NULL,NULL,NULL,NULL,NULL,NULL,NULL,NULL,NULL,0,NULL,NULL,NULL,NULL,NULL,1,1,49
48,NULL,48,English,Ms.,Lizie,L,Valentin, ,8/25/1990,36,Female,1193 Heavner Circle,Blanco,TX,78606,Hays County,,277-82-1714,451-038-1177,Essayist,Single,0,Hawaiian or Pacific Islander,Hispanic or Latino,,discount,NULL,,LV-84F-AFE92,0000-00-00 00:00:00,0000-00-00 00:00:00,Buddhism,USA,,,,,,,,,,,,,,,,,,,,,,,,,,,,,,,,,,,,,,0,,,,,,YES,,,,NULL,NULL,NULL,NULL,NO,NO,NO,NO,YES,NO,0,NULL,NO,NULL,NULL,NULL,0,NULL,NULL,NULL,NULL,NULL,NULL,NULL,NULL,NULL,NULL,NULL,NULL,NULL,NULL,NULL,NULL,NULL,NULL,NULL,NULL,NULL,NULL,NULL,0,NULL,NULL,NULL,NULL,NULL,1,1,256
49,NULL,49,English,Mr.,Steven,,Drake, ,3/17/1979,47,Male,33533 Tiki Way,Waelder,TX,78959,Bastrop County,,390-23-0885,638-406-4895,Mapping technician,Widowed,0,Black,Hispanic or Latino,,standard,NULL,,SD-52M-7C6BD,0000-00-00 00:00:00,0000-00-00 00:00:00,Christianity,USA,,,,,,,,,,,,,,,,,,,,,,,,,,,,,,,,,,,,,,0,,,,,,YES,,,,NULL,NULL,NULL,NULL,NO,NO,NO,NO,YES,NO,0,NULL,NO,NULL,NULL,NULL,0,NULL,NULL,NULL,NULL,NULL,NULL,NULL,NULL,NULL,NULL,NULL,NULL,NULL,NULL,NULL,NULL,NULL,NULL,NULL,NULL,NULL,NULL,NULL,0,NULL,NULL,NULL,NULL,NULL,1,1,289
50,NULL,50,English,Mrs.,Maria,M,Pusa, ,5/2/1924,102,Female,17689 MacDonald Cove,San antonio,TX,78203,Bexar County,,714-27-5903,430-695-9742,Optical goods worker,Divorced,0,American Indian,Not Hispanic or Latino,,standard,NULL,,MP-44F-6C7AA,0000-00-00 00:00:00,0000-00-00 00:00:00,Christianity,USA,,,,,,,,,,,,,,,,,,,,,,,,,,,,,,,,,,,,,,0,,,,,,YES,,,,NULL,NULL,NULL,NULL,NO,NO,NO,NO,YES,NO,0,NULL,NO,NULL,NULL,NULL,0,NULL,NULL,NULL,NULL,NULL,NULL,NULL,NULL,NULL,NULL,NULL,NULL,NULL,NULL,NULL,NULL,NULL,NULL,NULL,NULL,NULL,NULL,NULL,0,NULL,NULL,NULL,NULL,NULL,1,1,106
51,NULL,51,English,,Lavonne,W,Joseph, ,2/26/2004,22,Female,43089 Lower Watt Alley,San antonio,TX,78268,Bexar County,,366-28-4934,834-794-3397,Staff assistant,Widowed,0,White,Hispanic or Latino,,standard,NULL,,LJ-23F-66216,0000-00-00 00:00:00,0000-00-00 00:00:00,Christianity,USA,,,,,,,,,,,,,,,,,,,,,,,,,,,,,,,,,,,,,,0,,,,,,YES,,,,NULL,NULL,NULL,NULL,NO,NO,NO,NO,YES,NO,0,NULL,NO,NULL,NULL,NULL,0,NULL,NULL,NULL,NULL,NULL,NULL,NULL,NULL,NULL,NULL,NULL,NULL,NULL,NULL,NULL,NULL,NULL,NULL,NULL,NULL,NULL,NULL,NULL,0,NULL,NULL,NULL,NULL,NULL,1,1,176
52,NULL,52,English,Mr.,Josafat,V,Partida, ,2/20/1932,94,Male,49792 Botley Lane,Austin,TX,78713,Travis County,,634-09-9846,293-817-9323,Photoengraver,Single,0,White,Not Hispanic or Latino,,standard,NULL,,JP-63M-945BD,0000-00-00 00:00:00,0000-00-00 00:00:00,None,USA,,,,,,,,,,,,,,,,,,,,,,,,,,,,,,,,,,,,,,0,,,,,,YES,,,,NULL,NULL,NULL,NULL,NO,NO,NO,NO,YES,NO,0,NULL,NO,NULL,NULL,NULL,0,NULL,NULL,NULL,NULL,NULL,NULL,NULL,NULL,NULL,NULL,NULL,NULL,NULL,NULL,NULL,NULL,NULL,NULL,NULL,NULL,NULL,NULL,NULL,0,NULL,NULL,NULL,NULL,NULL,1,1,262
53,NULL,53,English,Ms.,Brooke,,Dunne, ,7/23/1989,37,Female,65346 Riperata Road,Austin,TX,78742,Travis County,,821-55-0557,352-180-1853,Radiographer,Widowed,0,Asian,Hispanic or Latino,,standard,NULL,,BD-76F-EBEDD,0000-00-00 00:00:00,0000-00-00 00:00:00,Christianity,USA,,,,,,,,,,,,,,,,,,,,,,,,,,,,,,,,,,,,,,0,,,,,,YES,,,,NULL,NULL,NULL,NULL,NO,NO,NO,NO,YES,NO,0,NULL,NO,NULL,NULL,NULL,0,NULL,NULL,NULL,NULL,NULL,NULL,NULL,NULL,NULL,NULL,NULL,NULL,NULL,NULL,NULL,NULL,NULL,NULL,NULL,NULL,NULL,NULL,NULL,0,NULL,NULL,NULL,NULL,NULL,1,1,209
54,NULL,54,English,Ms.,Isotta,B,Fiorentini, ,9/5/1938,88,Female,70859 Maltby Circle,Fischer,TX,78623,Hays County,,777-01-9199,344-434-4779,Data processor,Married,0,White,Not Hispanic or Latino,,discount,NULL,,IF-69F-D1867,0000-00-00 00:00:00,0000-00-00 00:00:00,Buddhism,USA,,,,,,,,,,,,,,,,,,,,,,,,,,,,,,,,,,,,,,0,,,,,,YES,,,,NULL,NULL,NULL,NULL,NO,NO,NO,NO,YES,NO,0,NULL,NO,NULL,NULL,NULL,0,NULL,NULL,NULL,NULL,NULL,NULL,NULL,NULL,NULL,NULL,NULL,NULL,NULL,NULL,NULL,NULL,NULL,NULL,NULL,NULL,NULL,NULL,NULL,0,NULL,NULL,NULL,NULL,NULL,1,1,232
55,NULL,55,English,Mr.,Mark,P,Hassell, ,3/11/1946,80,Male,53257 Harrow Crescent,San antonio,TX,78229,Bexar County,,130-16-9400,799-531-5522,Cafeteria cook,Widowed,0,White,Hispanic or Latino,,standard,NULL,,MH-75M-F602C,0000-00-00 00:00:00,0000-00-00 00:00:00,Judaism,USA,,,,,,,,,,,,,,,,,,,,,,,,,,,,,,,,,,,,,,0,,,,,,YES,,,,NULL,NULL,NULL,NULL,NO,NO,NO,NO,YES,NO,0,NULL,NO,NULL,NULL,NULL,0,NULL,NULL,NULL,NULL,NULL,NULL,NULL,NULL,NULL,NULL,NULL,NULL,NULL,NULL,NULL,NULL,NULL,NULL,NULL,NULL,NULL,NULL,NULL,0,NULL,NULL,NULL,NULL,NULL,1,1,232
56,NULL,56,English,Mrs.,Rose,C,Montford, ,4/20/2003,23,Female,52616 Piccadilly Loop,Austin,TX,78751,Travis County,,649-41-4712,276-345-5465,Biomedical engineer,Married,0,Hawaiian or Pacific Islander,Hispanic or Latino,,standard,NULL,,RM-28F-8B4CD,0000-00-00 00:00:00,0000-00-00 00:00:00,Judaism,USA,,,,,,,,,,,,,,,,,,,,,,,,,,,,,,,,,,,,,,0,,,,,,YES,,,,NULL,NULL,NULL,NULL,NO,NO,NO,NO,YES,NO,0,NULL,NO,NULL,NULL,NULL,0,NULL,NULL,NULL,NULL,NULL,NULL,NULL,NULL,NULL,NULL,NULL,NULL,NULL,NULL,NULL,NULL,NULL,NULL,NULL,NULL,NULL,NULL,NULL,0,NULL,NULL,NULL,NULL,NULL,1,1,162
57,NULL,57,English,Mrs.,Allyson,B,Witham,Sr.,1/3/1969,57,Female,95667 Guildford Square,San antonio,TX,78297,Bexar County,,272-30-6361,784-521-0531,Placement officer,Single,0,Asian,Not Hispanic or Latino,,discount,NULL,,AW-49F-2110A,0000-00-00 00:00:00,0000-00-00 00:00:00,None,USA,,,,,,,,,,,,,,,,,,,,,,,,,,,,,,,,,,,,,,0,,,,,,YES,,,,NULL,NULL,NULL,NULL,NO,NO,NO,NO,YES,NO,0,NULL,NO,NULL,NULL,NULL,0,NULL,NULL,NULL,NULL,NULL,NULL,NULL,NULL,NULL,NULL,NULL,NULL,NULL,NULL,NULL,NULL,NULL,NULL,NULL,NULL,NULL,NULL,NULL,0,NULL,NULL,NULL,NULL,NULL,1,1,86
58,NULL,58,English,Ms.,Clara,,Udinese, ,12/16/1929,97,Female,17112 Talfourd Dr,San antonio,TX,78252,Bexar County,,105-32-8580,846-788-8469,Textile knitting and weaving machine tender,Married,0,American Indian,Hispanic or Latino,,discount,NULL,,CU-70F-D0151,0000-00-00 00:00:00,0000-00-00 00:00:00,None,USA,,,,,,,,,,,,,,,,,,,,,,,,,,,,,,,,,,,,,,0,,,,,,YES,,,,NULL,NULL,NULL,NULL,NO,NO,NO,NO,YES,NO,0,NULL,NO,NULL,NULL,NULL,0,NULL,NULL,NULL,NULL,NULL,NULL,NULL,NULL,NULL,NULL,NULL,NULL,NULL,NULL,NULL,NULL,NULL,NULL,NULL,NULL,NULL,NULL,NULL,0,NULL,NULL,NULL,NULL,NULL,1,1,187
59,NULL,59,English,Prof.,Thomas,A,Simon,PhD,7/12/1986,40,Male,79053 Pitfield Way,Cedar creek,TX,78612,Bastrop County,,176-98-8129,346-100-4449,Professor,Divorced,0,American Indian,Hispanic or Latino,,discount,NULL,,TS-82M-6F75E,0000-00-00 00:00:00,0000-00-00 00:00:00,Christianity,USA,,,,,,,,,,,,,,,,,,,,,,,,,,,,,,,,,,,,,,0,,,,,,YES,,,,NULL,NULL,NULL,NULL,NO,NO,NO,NO,YES,NO,0,NULL,NO,NULL,NULL,NULL,0,NULL,NULL,NULL,NULL,NULL,NULL,NULL,NULL,NULL,NULL,NULL,NULL,NULL,NULL,NULL,NULL,NULL,NULL,NULL,NULL,NULL,NULL,NULL,0,NULL,NULL,NULL,NULL,NULL,1,1,104
60,NULL,60,English,Mr.,Tristan,L,Belstead, ,6/15/1993,33,Male,70782 Len Garlick Way,Austin,TX,78720,Travis County,,747-00-8418,551-277-1395,Automated teller machine technician,Single,0,Black,Hispanic or Latino,,standard,NULL,,TB-69M-03192,0000-00-00 00:00:00,0000-00-00 00:00:00,Christianity,USA,,,,,,,,,,,,,,,,,,,,,,,,,,,,,,,,,,,,,,0,,,,,,YES,,,,NULL,NULL,NULL,NULL,NO,NO,NO,NO,YES,NO,0,NULL,NO,NULL,NULL,NULL,0,NULL,NULL,NULL,NULL,NULL,NULL,NULL,NULL,NULL,NULL,NULL,NULL,NULL,NULL,NULL,NULL,NULL,NULL,NULL,NULL,NULL,NULL,NULL,0,NULL,NULL,NULL,NULL,NULL,1,1,199
61,NULL,61,English,Ms.,Lisa,L,Herman, ,12/25/1986,40,Female,17810 Herald Blvd,Austin,TX,73301,Travis County,,762-50-2968,471-305-3844,Electrical and electronics engineering technician,Married,0,Hawaiian or Pacific Islander,Not Hispanic or Latino,,discount,NULL,,LH-97F-F15BA,0000-00-00 00:00:00,0000-00-00 00:00:00,None,USA,,,,,,,,,,,,,,,,,,,,,,,,,,,,,,,,,,,,,,0,,,,,,YES,,,,NULL,NULL,NULL,NULL,NO,NO,NO,NO,YES,NO,0,NULL,NO,NULL,NULL,NULL,0,NULL,NULL,NULL,NULL,NULL,NULL,NULL,NULL,NULL,NULL,NULL,NULL,NULL,NULL,NULL,NULL,NULL,NULL,NULL,NULL,NULL,NULL,NULL,0,NULL,NULL,NULL,NULL,NULL,1,1,113
62,NULL,62,English,Mrs.,Monique,G,Ayres, ,1/30/1928,98,Female,49253 Saxon Cove,Austin,TX,78763,Travis County,,695-97-6176,696-061-7588,Terrazzo worker,Single,0,White,Not Hispanic or Latino,,standard,NULL,,MA-54F-A1F05,0000-00-00 00:00:00,0000-00-00 00:00:00,Christianity,USA,,,,,,,,,,,,,,,,,,,,,,,,,,,,,,,,,,,,,,0,,,,,,YES,,,,NULL,NULL,NULL,NULL,NO,NO,NO,NO,YES,NO,0,NULL,NO,NULL,NULL,NULL,0,NULL,NULL,NULL,NULL,NULL,NULL,NULL,NULL,NULL,NULL,NULL,NULL,NULL,NULL,NULL,NULL,NULL,NULL,NULL,NULL,NULL,NULL,NULL,0,NULL,NULL,NULL,NULL,NULL,1,1,211
63,NULL,63,English,Ms.,Lea,L,Reid, ,9/4/1925,101,Female,46050 Dorfold Crescent,Fischer,TX,78623,Hays County,,533-40-3693,482-872-4610,Ecologist,Married,0,American Indian,Not Hispanic or Latino,,discount,NULL,,LR-67F-B47FB,0000-00-00 00:00:00,0000-00-00 00:00:00,Buddhism,USA,,,,,,,,,,,,,,,,,,,,,,,,,,,,,,,,,,,,,,0,,,,,,YES,,,,NULL,NULL,NULL,NULL,NO,NO,NO,NO,YES,NO,0,NULL,NO,NULL,NULL,NULL,0,NULL,NULL,NULL,NULL,NULL,NULL,NULL,NULL,NULL,NULL,NULL,NULL,NULL,NULL,NULL,NULL,NULL,NULL,NULL,NULL,NULL,NULL,NULL,0,NULL,NULL,NULL,NULL,NULL,1,1,143
64,NULL,64,English,Mr.,Norman,,Haynes, ,5/5/1956,70,Male,76959 Roguski Hwy,San antonio,TX,78256,Bexar County,,359-01-9375,496-113-2165,Bindery machine tender,Divorced,0,Black,Not Hispanic or Latino,,standard,NULL,,NH-79M-AD625,0000-00-00 00:00:00,0000-00-00 00:00:00,None,USA,,,,,,,,,,,,,,,,,,,,,,,,,,,,,,,,,,,,,,0,,,,,,YES,,,,NULL,NULL,NULL,NULL,NO,NO,NO,NO,YES,NO,0,NULL,NO,NULL,NULL,NULL,0,NULL,NULL,NULL,NULL,NULL,NULL,NULL,NULL,NULL,NULL,NULL,NULL,NULL,NULL,NULL,NULL,NULL,NULL,NULL,NULL,NULL,NULL,NULL,0,NULL,NULL,NULL,NULL,NULL,1,1,52
65,NULL,65,English,Mr.,Brayden,E,Jobson, ,8/17/1933,93,Male,19470 Losh St,Austin,TX,78730,Travis County,,883-20-2260,513-661-2270,Logistician,Divorced,0,Asian,Not Hispanic or Latino,,standard,NULL,,BJ-89M-15F9F,0000-00-00 00:00:00,0000-00-00 00:00:00,Buddhism,USA,,,,,,,,,,,,,,,,,,,,,,,,,,,,,,,,,,,,,,0,,,,,,YES,,,,NULL,NULL,NULL,NULL,NO,NO,NO,NO,YES,NO,0,NULL,NO,NULL,NULL,NULL,0,NULL,NULL,NULL,NULL,NULL,NULL,NULL,NULL,NULL,NULL,NULL,NULL,NULL,NULL,NULL,NULL,NULL,NULL,NULL,NULL,NULL,NULL,NULL,0,NULL,NULL,NULL,NULL,NULL,1,1,71
66,NULL,66,English,Mr.,Michael,L,Colon, ,4/4/1939,87,Male,56370 Woodside Highway,Austin,TX,78767,Travis County,,828-97-1620,577-146-5150,Molding  coremaking  and casting machine setter,Widowed,0,Hawaiian or Pacific Islander,Hispanic or Latino,,standard,NULL,,MC-58M-706FE,0000-00-00 00:00:00,0000-00-00 00:00:00,Islam,USA,,,,,,,,,,,,,,,,,,,,,,,,,,,,,,,,,,,,,,0,,,,,,YES,,,,NULL,NULL,NULL,NULL,NO,NO,NO,NO,YES,NO,0,NULL,NO,NULL,NULL,NULL,0,NULL,NULL,NULL,NULL,NULL,NULL,NULL,NULL,NULL,NULL,NULL,NULL,NULL,NULL,NULL,NULL,NULL,NULL,NULL,NULL,NULL,NULL,NULL,0,NULL,NULL,NULL,NULL,NULL,1,1,173
67,NULL,67,English,Prof.,Willie,,Dickey,PhD,10/31/1946,80,Male,40109 Vercoe Road,Austin,TX,78748,Travis County,,321-16-6036,408-066-8581,Professor,Widowed,0,White,Hispanic or Latino,,standard,NULL,,WD-85M-F7D34,0000-00-00 00:00:00,0000-00-00 00:00:00,Christianity,USA,,,,,,,,,,,,,,,,,,,,,,,,,,,,,,,,,,,,,,0,,,,,,YES,,,,NULL,NULL,NULL,NULL,NO,NO,NO,NO,YES,NO,0,NULL,NO,NULL,NULL,NULL,0,NULL,NULL,NULL,NULL,NULL,NULL,NULL,NULL,NULL,NULL,NULL,NULL,NULL,NULL,NULL,NULL,NULL,NULL,NULL,NULL,NULL,NULL,NULL,0,NULL,NULL,NULL,NULL,NULL,1,1,77
68,NULL,68,English,Prof.,Chikirin,,SumiyoMasuda,PhD,12/19/1991,35,Male,39708 Elliott Rd,Coupland,TX,78615,Travis County,,548-13-0965,669-889-8450,Professor,Widowed,0,White,Not Hispanic or Latino,,standard,NULL,,CS-39M-3F0D6,0000-00-00 00:00:00,0000-00-00 00:00:00,Judaism,USA,,,,,,,,,,,,,,,,,,,,,,,,,,,,,,,,,,,,,,0,,,,,,YES,,,,NULL,NULL,NULL,NULL,NO,NO,NO,NO,YES,NO,0,NULL,NO,NULL,NULL,NULL,0,NULL,NULL,NULL,NULL,NULL,NULL,NULL,NULL,NULL,NULL,NULL,NULL,NULL,NULL,NULL,NULL,NULL,NULL,NULL,NULL,NULL,NULL,NULL,0,NULL,NULL,NULL,NULL,NULL,1,1,109
69,NULL,69,English,Ms.,Wanda,,Rinaldi,BS,6/10/2003,23,Female,36510 Alpha Court,Blanco,TX,78606,Hays County,,271-14-6986,627-684-2454,Orthodontist,Married,0,Black,Hispanic or Latino,,standard,NULL,,WR-56F-399C5,0000-00-00 00:00:00,0000-00-00 00:00:00,Islam,USA,,,,,,,,,,,,,,,,,,,,,,,,,,,,,,,,,,,,,,0,,,,,,YES,,,,NULL,NULL,NULL,NULL,NO,NO,NO,NO,YES,NO,0,NULL,NO,NULL,NULL,NULL,0,NULL,NULL,NULL,NULL,NULL,NULL,NULL,NULL,NULL,NULL,NULL,NULL,NULL,NULL,NULL,NULL,NULL,NULL,NULL,NULL,NULL,NULL,NULL,0,NULL,NULL,NULL,NULL,NULL,1,1,283
70,NULL,70,English,Mrs.,Helen,R,Kelly, ,3/6/1988,38,Female,56369 Ulundi Hwy,Del valle,TX,78617,Bastrop County,,780-99-9453,923-241-7475,Braille clerk,Divorced,0,Black,Not Hispanic or Latino,,discount,NULL,,HK-44F-75051,0000-00-00 00:00:00,0000-00-00 00:00:00,Judaism,USA,,,,,,,,,,,,,,,,,,,,,,,,,,,,,,,,,,,,,,0,,,,,,YES,,,,NULL,NULL,NULL,NULL,NO,NO,NO,NO,YES,NO,0,NULL,NO,NULL,NULL,NULL,0,NULL,NULL,NULL,NULL,NULL,NULL,NULL,NULL,NULL,NULL,NULL,NULL,NULL,NULL,NULL,NULL,NULL,NULL,NULL,NULL,NULL,NULL,NULL,0,NULL,NULL,NULL,NULL,NULL,1,1,245
71,NULL,71,English,Mr.,Gilbert,G,Almeida, ,11/30/1977,49,Male,69134 Vicente Avenue,Austin,TX,78739,Hays County,,413-93-9069,938-237-9637,Veterinary assistants and laboratory animal caretaker,Married,0,White,Hispanic or Latino,,standard,NULL,,GA-58M-AA973,0000-00-00 00:00:00,0000-00-00 00:00:00,None,USA,,,,,,,,,,,,,,,,,,,,,,,,,,,,,,,,,,,,,,0,,,,,,YES,,,,NULL,NULL,NULL,NULL,NO,NO,NO,NO,YES,NO,0,NULL,NO,NULL,NULL,NULL,0,NULL,NULL,NULL,NULL,NULL,NULL,NULL,NULL,NULL,NULL,NULL,NULL,NULL,NULL,NULL,NULL,NULL,NULL,NULL,NULL,NULL,NULL,NULL,0,NULL,NULL,NULL,NULL,NULL,1,1,78
72,NULL,72,English,Mr.,Jean,T,Olmos,CAHIMS,10/1/1937,89,Male,69826 Litchfield Blvd,Blanco,TX,78606,Hays County,,154-44-1915,411-241-9352,Health information technician,Single,0,White,Hispanic or Latino,,discount,NULL,,JO-83M-1CE7B,0000-00-00 00:00:00,0000-00-00 00:00:00,Christianity,USA,,,,,,,,,,,,,,,,,,,,,,,,,,,,,,,,,,,,,,0,,,,,,YES,,,,NULL,NULL,NULL,NULL,NO,NO,NO,NO,YES,NO,0,NULL,NO,NULL,NULL,NULL,0,NULL,NULL,NULL,NULL,NULL,NULL,NULL,NULL,NULL,NULL,NULL,NULL,NULL,NULL,NULL,NULL,NULL,NULL,NULL,NULL,NULL,NULL,NULL,0,NULL,NULL,NULL,NULL,NULL,1,1,167
73,NULL,73,English,,Semolina,A,Roper, ,10/21/1987,39,Female,86508 Raumanga Dr Alley,Fischer,TX,78623,Hays County,,253-32-4892,775-057-4265,Prepress worker,Divorced,0,American Indian,Hispanic or Latino,,standard,NULL,,SR-25F-21276,0000-00-00 00:00:00,0000-00-00 00:00:00,None,USA,,,,,,,,,,,,,,,,,,,,,,,,,,,,,,,,,,,,,,0,,,,,,YES,,,,NULL,NULL,NULL,NULL,NO,NO,NO,NO,YES,NO,0,NULL,NO,NULL,NULL,NULL,0,NULL,NULL,NULL,NULL,NULL,NULL,NULL,NULL,NULL,NULL,NULL,NULL,NULL,NULL,NULL,NULL,NULL,NULL,NULL,NULL,NULL,NULL,NULL,0,NULL,NULL,NULL,NULL,NULL,1,1,300
74,NULL,74,English,Mr.,Nate,P,Ling,Sr.,8/20/1937,89,Male,94444 Coombe Circle,Austin,TX,78758,Travis County,,655-12-5486,525-091-1830,Process piping drafter,Single,0,Black,Not Hispanic or Latino,,discount,NULL,,NL-53M-3B2E9,0000-00-00 00:00:00,0000-00-00 00:00:00,Islam,USA,,,,,,,,,,,,,,,,,,,,,,,,,,,,,,,,,,,,,,0,,,,,,YES,,,,NULL,NULL,NULL,NULL,NO,NO,NO,NO,YES,NO,0,NULL,NO,NULL,NULL,NULL,0,NULL,NULL,NULL,NULL,NULL,NULL,NULL,NULL,NULL,NULL,NULL,NULL,NULL,NULL,NULL,NULL,NULL,NULL,NULL,NULL,NULL,NULL,NULL,0,NULL,NULL,NULL,NULL,NULL,1,1,158
75,NULL,75,English,Ms.,Waltraud,S,Thomson, ,4/19/1959,67,Female,65646 Sadlier Street,San antonio,TX,78250,Bexar County,,522-50-0660,536-518-3303,Safety technician,Married,0,Hawaiian or Pacific Islander,Not Hispanic or Latino,,standard,NULL,,WT-88F-9084F,0000-00-00 00:00:00,0000-00-00 00:00:00,None,USA,,,,,,,,,,,,,,,,,,,,,,,,,,,,,,,,,,,,,,0,,,,,,YES,,,,NULL,NULL,NULL,NULL,NO,NO,NO,NO,YES,NO,0,NULL,NO,NULL,NULL,NULL,0,NULL,NULL,NULL,NULL,NULL,NULL,NULL,NULL,NULL,NULL,NULL,NULL,NULL,NULL,NULL,NULL,NULL,NULL,NULL,NULL,NULL,NULL,NULL,0,NULL,NULL,NULL,NULL,NULL,1,1,131
76,NULL,76,English,Mr.,Christopher,J,Ramirez, ,11/2/1954,72,Male,91644 Perry St,Austin,TX,78751,Travis County,,570-63-2243,339-204-2742,Nannie,Married,0,Asian,Not Hispanic or Latino,,standard,NULL,,CR-95M-5DE0D,0000-00-00 00:00:00,0000-00-00 00:00:00,None,USA,,,,,,,,,,,,,,,,,,,,,,,,,,,,,,,,,,,,,,0,,,,,,YES,,,,NULL,NULL,NULL,NULL,NO,NO,NO,NO,YES,NO,0,NULL,NO,NULL,NULL,NULL,0,NULL,NULL,NULL,NULL,NULL,NULL,NULL,NULL,NULL,NULL,NULL,NULL,NULL,NULL,NULL,NULL,NULL,NULL,NULL,NULL,NULL,NULL,NULL,0,NULL,NULL,NULL,NULL,NULL,1,1,152
77,NULL,77,English,Mrs.,Asma,M,Kishiev, ,6/9/1926,100,Female,45495 St Omers Parkway,Austin,TX,78721,Travis County,,793-77-8672,556-366-5827,Music director,Divorced,0,Black,Hispanic or Latino,,standard,NULL,,AK-27F-E36E1,0000-00-00 00:00:00,0000-00-00 00:00:00,None,USA,,,,,,,,,,,,,,,,,,,,,,,,,,,,,,,,,,,,,,0,,,,,,YES,,,,NULL,NULL,NULL,NULL,NO,NO,NO,NO,YES,NO,0,NULL,NO,NULL,NULL,NULL,0,NULL,NULL,NULL,NULL,NULL,NULL,NULL,NULL,NULL,NULL,NULL,NULL,NULL,NULL,NULL,NULL,NULL,NULL,NULL,NULL,NULL,NULL,NULL,0,NULL,NULL,NULL,NULL,NULL,1,1,68
78,NULL,78,English,Ms.,Pam,J,Moreau, ,11/6/1984,42,Female,38467 Old Tenterfield Court,Von ormy,TX,78073,Bexar County,,415-12-6147,267-662-9768,Power dispatcher,Widowed,0,White,Not Hispanic or Latino,,standard,NULL,,PM-63F-37B74,0000-00-00 00:00:00,0000-00-00 00:00:00,None,USA,,,,,,,,,,,,,,,,,,,,,,,,,,,,,,,,,,,,,,0,,,,,,YES,,,,NULL,NULL,NULL,NULL,NO,NO,NO,NO,YES,NO,0,NULL,NO,NULL,NULL,NULL,0,NULL,NULL,NULL,NULL,NULL,NULL,NULL,NULL,NULL,NULL,NULL,NULL,NULL,NULL,NULL,NULL,NULL,NULL,NULL,NULL,NULL,NULL,NULL,0,NULL,NULL,NULL,NULL,NULL,1,1,123
79,NULL,79,English,Mr.,Davet,V,Cote, ,9/23/2004,22,Male,19541 Ratanui Way,San antonio,TX,78224,Bexar County,,608-23-8711,746-030-5610,Gaming machine servicer,Divorced,0,White,Not Hispanic or Latino,,standard,NULL,,DC-53M-9EC0D,0000-00-00 00:00:00,0000-00-00 00:00:00,Buddhism,USA,,,,,,,,,,,,,,,,,,,,,,,,,,,,,,,,,,,,,,0,,,,,,YES,,,,NULL,NULL,NULL,NULL,NO,NO,NO,NO,YES,NO,0,NULL,NO,NULL,NULL,NULL,0,NULL,NULL,NULL,NULL,NULL,NULL,NULL,NULL,NULL,NULL,NULL,NULL,NULL,NULL,NULL,NULL,NULL,NULL,NULL,NULL,NULL,NULL,NULL,0,NULL,NULL,NULL,NULL,NULL,1,1,113
80,NULL,80,English,Ms.,Lydia,J,Marriott,CPHIMS,1/18/1998,28,Female,79110 Trafford Ave,Austin,TX,78746,Travis County,,210-44-6613,379-725-4816,Hospital Data Analyst,Married,0,Asian,Not Hispanic or Latino,,discount,NULL,,LM-75F-180BB,0000-00-00 00:00:00,0000-00-00 00:00:00,Christianity,USA,,,,,,,,,,,,,,,,,,,,,,,,,,,,,,,,,,,,,,0,,,,,,YES,,,,NULL,NULL,NULL,NULL,NO,NO,NO,NO,YES,NO,0,NULL,NO,NULL,NULL,NULL,0,NULL,NULL,NULL,NULL,NULL,NULL,NULL,NULL,NULL,NULL,NULL,NULL,NULL,NULL,NULL,NULL,NULL,NULL,NULL,NULL,NULL,NULL,NULL,0,NULL,NULL,NULL,NULL,NULL,1,1,166
81,NULL,81,English,Mr.,Ronald,F,Fisher, ,6/28/2003,23,Male,36045 Leon Drive,Austin,TX,78753,Travis County,,222-14-3778,766-982-5062,Archivist,Widowed,0,Hawaiian or Pacific Islander,Not Hispanic or Latino,,standard,NULL,,RF-76M-C87B6,0000-00-00 00:00:00,0000-00-00 00:00:00,Christianity,USA,,,,,,,,,,,,,,,,,,,,,,,,,,,,,,,,,,,,,,0,,,,,,YES,,,,NULL,NULL,NULL,NULL,NO,NO,NO,NO,YES,NO,0,NULL,NO,NULL,NULL,NULL,0,NULL,NULL,NULL,NULL,NULL,NULL,NULL,NULL,NULL,NULL,NULL,NULL,NULL,NULL,NULL,NULL,NULL,NULL,NULL,NULL,NULL,NULL,NULL,0,NULL,NULL,NULL,NULL,NULL,1,1,189
82,NULL,82,English,Mrs.,Rachel,M,Burnett, ,10/15/1932,94,Female,16919 Kano Court,Universal city,TX,78148,Bexar County,,814-03-6259,372-646-8164,Extruding  forming  pressing  and compacting machine setter,Single,0,Asian,Hispanic or Latino,,standard,NULL,,RB-51F-76304,0000-00-00 00:00:00,0000-00-00 00:00:00,Judaism,USA,,,,,,,,,,,,,,,,,,,,,,,,,,,,,,,,,,,,,,0,,,,,,YES,,,,NULL,NULL,NULL,NULL,NO,NO,NO,NO,YES,NO,0,NULL,NO,NULL,NULL,NULL,0,NULL,NULL,NULL,NULL,NULL,NULL,NULL,NULL,NULL,NULL,NULL,NULL,NULL,NULL,NULL,NULL,NULL,NULL,NULL,NULL,NULL,NULL,NULL,0,NULL,NULL,NULL,NULL,NULL,1,1,149
83,NULL,83,English,,Zara,L,Aleksandrova,II,11/11/2002,24,Female,84313 Blackmore Drive,Austin,TX,78708,Travis County,,505-57-9715,897-906-0251,Bindery worker,Single,0,Asian,Not Hispanic or Latino,,standard,NULL,,ZA-19F-01A6A,0000-00-00 00:00:00,0000-00-00 00:00:00,Buddhism,USA,,,,,,,,,,,,,,,,,,,,,,,,,,,,,,,,,,,,,,0,,,,,,YES,,,,NULL,NULL,NULL,NULL,NO,NO,NO,NO,YES,NO,0,NULL,NO,NULL,NULL,NULL,0,NULL,NULL,NULL,NULL,NULL,NULL,NULL,NULL,NULL,NULL,NULL,NULL,NULL,NULL,NULL,NULL,NULL,NULL,NULL,NULL,NULL,NULL,NULL,0,NULL,NULL,NULL,NULL,NULL,1,1,146
84,NULL,84,English,Mrs.,Whilma,J,Bjorklund, ,12/30/1937,89,Female,72616 Ruha St,San marcos,TX,78667,Hays County,,563-54-0430,902-107-8603,Parking lot attendant,Married,0,Black,Not Hispanic or Latino,,standard,NULL,,WB-53F-C34F9,0000-00-00 00:00:00,0000-00-00 00:00:00,None,USA,,,,,,,,,,,,,,,,,,,,,,,,,,,,,,,,,,,,,,0,,,,,,YES,,,,NULL,NULL,NULL,NULL,NO,NO,NO,NO,YES,NO,0,NULL,NO,NULL,NULL,NULL,0,NULL,NULL,NULL,NULL,NULL,NULL,NULL,NULL,NULL,NULL,NULL,NULL,NULL,NULL,NULL,NULL,NULL,NULL,NULL,NULL,NULL,NULL,NULL,0,NULL,NULL,NULL,NULL,NULL,1,1,254
85,NULL,85,English,Mr.,Reuben,,Negron, ,4/19/1925,101,Male,79600 Ngatai Alley,Kingsbury,TX,78638,Guadalupe County,,464-19-7997,948-510-0066,Mathematical statistician,Single,0,Hawaiian or Pacific Islander,Not Hispanic or Latino,,standard,NULL,,RN-82M-6EEA6,0000-00-00 00:00:00,0000-00-00 00:00:00,None,USA,,,,,,,,,,,,,,,,,,,,,,,,,,,,,,,,,,,,,,0,,,,,,YES,,,,NULL,NULL,NULL,NULL,NO,NO,NO,NO,YES,NO,0,NULL,NO,NULL,NULL,NULL,0,NULL,NULL,NULL,NULL,NULL,NULL,NULL,NULL,NULL,NULL,NULL,NULL,NULL,NULL,NULL,NULL,NULL,NULL,NULL,NULL,NULL,NULL,NULL,0,NULL,NULL,NULL,NULL,NULL,1,1,263
86,NULL,86,English,Dr.,Daniel,A,Heidenreich,M.D.,1/20/1989,37,Male,8824 Tauranga Parkway,Austin,TX,78736,Hays County,,380-65-8208,350-858-1905,Biological technician,Single,0,American Indian,Not Hispanic or Latino,,standard,NULL,,DH-29M-997B4,0000-00-00 00:00:00,0000-00-00 00:00:00,None,USA,,,,,,,,,,,,,,,,,,,,,,,,,,,,,,,,,,,,,,0,,,,,,YES,,,,NULL,NULL,NULL,NULL,NO,NO,NO,NO,YES,NO,0,NULL,NO,NULL,NULL,NULL,0,NULL,NULL,NULL,NULL,NULL,NULL,NULL,NULL,NULL,NULL,NULL,NULL,NULL,NULL,NULL,NULL,NULL,NULL,NULL,NULL,NULL,NULL,NULL,0,NULL,NULL,NULL,NULL,NULL,1,1,249
87,NULL,87,English,Ms.,Judith,D,South, ,4/21/1990,36,Female,13909 Vermont Square,Paige,TX,78659,Bastrop County,,161-03-2082,934-243-1535,PBX installer,Single,0,White,Not Hispanic or Latino,,standard,NULL,,JS-70F-75167,0000-00-00 00:00:00,0000-00-00 00:00:00,Judaism,USA,,,,,,,,,,,,,,,,,,,,,,,,,,,,,,,,,,,,,,0,,,,,,YES,,,,NULL,NULL,NULL,NULL,NO,NO,NO,NO,YES,NO,0,NULL,NO,NULL,NULL,NULL,0,NULL,NULL,NULL,NULL,NULL,NULL,NULL,NULL,NULL,NULL,NULL,NULL,NULL,NULL,NULL,NULL,NULL,NULL,NULL,NULL,NULL,NULL,NULL,0,NULL,NULL,NULL,NULL,NULL,1,1,157
88,NULL,88,English,Ms.,Natalie,,Garrett, ,5/23/1985,41,Female,35793 Akoranga Parkway,Austin,TX,78729,Travis County,,490-31-0507,302-866-1739,Telecommunications specialist,Married,0,Black,Not Hispanic or Latino,,standard,NULL,,NG-60F-FFD81,0000-00-00 00:00:00,0000-00-00 00:00:00,Christianity,USA,,,,,,,,,,,,,,,,,,,,,,,,,,,,,,,,,,,,,,0,,,,,,YES,,,,NULL,NULL,NULL,NULL,NO,NO,NO,NO,YES,NO,0,NULL,NO,NULL,NULL,NULL,0,NULL,NULL,NULL,NULL,NULL,NULL,NULL,NULL,NULL,NULL,NULL,NULL,NULL,NULL,NULL,NULL,NULL,NULL,NULL,NULL,NULL,NULL,NULL,0,NULL,NULL,NULL,NULL,NULL,1,1,280
89,NULL,89,English,,Daniel,J,Park, ,1/31/1940,86,Male,85549 Lynda Route,San antonio,TX,78283,Bexar County,,276-44-0910,498-906-5102,Bus driver,Divorced,0,Asian,Not Hispanic or Latino,,standard,NULL,,DP-22M-7252A,0000-00-00 00:00:00,0000-00-00 00:00:00,None,USA,,,,,,,,,,,,,,,,,,,,,,,,,,,,,,,,,,,,,,0,,,,,,YES,,,,NULL,NULL,NULL,NULL,NO,NO,NO,NO,YES,NO,0,NULL,NO,NULL,NULL,NULL,0,NULL,NULL,NULL,NULL,NULL,NULL,NULL,NULL,NULL,NULL,NULL,NULL,NULL,NULL,NULL,NULL,NULL,NULL,NULL,NULL,NULL,NULL,NULL,0,NULL,NULL,NULL,NULL,NULL,1,1,85
90,NULL,90,English,Mr.,Fitz,M,Pomerleau, ,7/19/1955,71,Male,7607 Wayne Sq,San antonio,TX,78211,Bexar County,,134-78-0635,955-069-3207,Boiler operator,Married,0,Asian,Not Hispanic or Latino,,standard,NULL,,FP-30M-D9DAA,0000-00-00 00:00:00,0000-00-00 00:00:00,Judaism,USA,,,,,,,,,,,,,,,,,,,,,,,,,,,,,,,,,,,,,,0,,,,,,YES,,,,NULL,NULL,NULL,NULL,NO,NO,NO,NO,YES,NO,0,NULL,NO,NULL,NULL,NULL,0,NULL,NULL,NULL,NULL,NULL,NULL,NULL,NULL,NULL,NULL,NULL,NULL,NULL,NULL,NULL,NULL,NULL,NULL,NULL,NULL,NULL,NULL,NULL,0,NULL,NULL,NULL,NULL,NULL,1,1,96
91,NULL,91,English,Ms.,Tessie,F,Saunders, ,9/30/2004,22,Female,60655 Coonoor Blvd,Austin,TX,78714,Travis County,,762-14-4507,472-381-2538,Funeral director,Married,0,White,Not Hispanic or Latino,,standard,NULL,,TS-40F-63127,0000-00-00 00:00:00,0000-00-00 00:00:00,Christianity,USA,,,,,,,,,,,,,,,,,,,,,,,,,,,,,,,,,,,,,,0,,,,,,YES,,,,NULL,NULL,NULL,NULL,NO,NO,NO,NO,YES,NO,0,NULL,NO,NULL,NULL,NULL,0,NULL,NULL,NULL,NULL,NULL,NULL,NULL,NULL,NULL,NULL,NULL,NULL,NULL,NULL,NULL,NULL,NULL,NULL,NULL,NULL,NULL,NULL,NULL,0,NULL,NULL,NULL,NULL,NULL,1,1,199
92,NULL,92,English,Mrs.,Katalushikuteka,,NagisaOohashi, ,5/7/1971,55,Female,86130 Kawaroa Highway,Mc queeney,TX,78123,Guadalupe County,,846-25-7925,586-666-1988,Personnel administrator,Married,0,Black,Not Hispanic or Latino,,standard,NULL,,KN-84F-A8697,0000-00-00 00:00:00,0000-00-00 00:00:00,None,USA,,,,,,,,,,,,,,,,,,,,,,,,,,,,,,,,,,,,,,0,,,,,,YES,,,,NULL,NULL,NULL,NULL,NO,NO,NO,NO,YES,NO,0,NULL,NO,NULL,NULL,NULL,0,NULL,NULL,NULL,NULL,NULL,NULL,NULL,NULL,NULL,NULL,NULL,NULL,NULL,NULL,NULL,NULL,NULL,NULL,NULL,NULL,NULL,NULL,NULL,0,NULL,NULL,NULL,NULL,NULL,1,1,133
93,NULL,93,English,Ms.,Paula,D,Pennell, ,4/2/1989,37,Female,43304 Manchester Court,Austin,TX,78730,Travis County,,730-84-3993,919-345-6513,English to speakers of other languages teacher,Divorced,0,Black,Not Hispanic or Latino,,standard,NULL,,PP-86F-F98EA,0000-00-00 00:00:00,0000-00-00 00:00:00,Christianity,USA,,,,,,,,,,,,,,,,,,,,,,,,,,,,,,,,,,,,,,0,,,,,,YES,,,,NULL,NULL,NULL,NULL,NO,NO,NO,NO,YES,NO,0,NULL,NO,NULL,NULL,NULL,0,NULL,NULL,NULL,NULL,NULL,NULL,NULL,NULL,NULL,NULL,NULL,NULL,NULL,NULL,NULL,NULL,NULL,NULL,NULL,NULL,NULL,NULL,NULL,0,NULL,NULL,NULL,NULL,NULL,1,1,40
94,NULL,94,English,Mr.,Kaybok,K,Chang, ,12/18/1962,64,Male,29906 Andy Rd,San antonio,TX,78219,Bexar County,,691-99-7764,572-190-8767,Facilitator,Divorced,0,White,Not Hispanic or Latino,,standard,NULL,,KC-65M-2AF77,0000-00-00 00:00:00,0000-00-00 00:00:00,None,USA,,,,,,,,,,,,,,,,,,,,,,,,,,,,,,,,,,,,,,0,,,,,,YES,,,,NULL,NULL,NULL,NULL,NO,NO,NO,NO,YES,NO,0,NULL,NO,NULL,NULL,NULL,0,NULL,NULL,NULL,NULL,NULL,NULL,NULL,NULL,NULL,NULL,NULL,NULL,NULL,NULL,NULL,NULL,NULL,NULL,NULL,NULL,NULL,NULL,NULL,0,NULL,NULL,NULL,NULL,NULL,1,1,41
95,NULL,95,English,Mr.,Peter,D,Walter, ,3/13/1965,61,Male,73332 Gilligan Alley,Austin,TX,78764,Travis County,,562-63-9593,958-029-0686,Loan closer,Married,0,Asian,Hispanic or Latino,,standard,NULL,,PW-73M-41C83,0000-00-00 00:00:00,0000-00-00 00:00:00,None,USA,,,,,,,,,,,,,,,,,,,,,,,,,,,,,,,,,,,,,,0,,,,,,YES,,,,NULL,NULL,NULL,NULL,NO,NO,NO,NO,YES,NO,0,NULL,NO,NULL,NULL,NULL,0,NULL,NULL,NULL,NULL,NULL,NULL,NULL,NULL,NULL,NULL,NULL,NULL,NULL,NULL,NULL,NULL,NULL,NULL,NULL,NULL,NULL,NULL,NULL,0,NULL,NULL,NULL,NULL,NULL,1,1,57
96,NULL,96,English,Ms.,Julie,F,Bondy, ,2/10/1953,73,Female,21678 Eriksen Rd,San antonio,TX,78268,Bexar County,,325-25-0883,566-809-5998,Claims adjuster,Single,0,American Indian,Not Hispanic or Latino,,standard,NULL,,JB-62F-450E5,0000-00-00 00:00:00,0000-00-00 00:00:00,Christianity,USA,,,,,,,,,,,,,,,,,,,,,,,,,,,,,,,,,,,,,,0,,,,,,YES,,,,NULL,NULL,NULL,NULL,NO,NO,NO,NO,YES,NO,0,NULL,NO,NULL,NULL,NULL,0,NULL,NULL,NULL,NULL,NULL,NULL,NULL,NULL,NULL,NULL,NULL,NULL,NULL,NULL,NULL,NULL,NULL,NULL,NULL,NULL,NULL,NULL,NULL,0,NULL,NULL,NULL,NULL,NULL,1,1,130
97,NULL,97,English,Mr.,Jeffrey,K,Castillo,MBA,9/17/2006,20,Male,2969 Cassidy Ln,Universal city,TX,78148,Bexar County,,809-53-2447,837-093-0030,Design printing machine operator,Single,0,White,Not Hispanic or Latino,,standard,NULL,,JC-44M-44625,0000-00-00 00:00:00,0000-00-00 00:00:00,None,USA,,,,,,,,,,,,,,,,,,,,,,,,,,,,,,,,,,,,,,0,,,,,,YES,,,,NULL,NULL,NULL,NULL,NO,NO,NO,NO,YES,NO,0,NULL,NO,NULL,NULL,NULL,0,NULL,NULL,NULL,NULL,NULL,NULL,NULL,NULL,NULL,NULL,NULL,NULL,NULL,NULL,NULL,NULL,NULL,NULL,NULL,NULL,NULL,NULL,NULL,0,NULL,NULL,NULL,NULL,NULL,1,1,180
98,NULL,98,English,,James,J,Helms, ,12/14/2003,23,Male,66702 Raiomiti Street,Austin,TX,78779,Travis County,,186-93-5068,705-222-4896,Chauffeur,Married,0,White,Hispanic or Latino,,standard,NULL,,JH-20M-A13B9,0000-00-00 00:00:00,0000-00-00 00:00:00,Christianity,USA,,,,,,,,,,,,,,,,,,,,,,,,,,,,,,,,,,,,,,0,,,,,,YES,,,,NULL,NULL,NULL,NULL,NO,NO,NO,NO,YES,NO,0,NULL,NO,NULL,NULL,NULL,0,NULL,NULL,NULL,NULL,NULL,NULL,NULL,NULL,NULL,NULL,NULL,NULL,NULL,NULL,NULL,NULL,NULL,NULL,NULL,NULL,NULL,NULL,NULL,0,NULL,NULL,NULL,NULL,NULL,1,1,209
99,NULL,99,English,Mrs.,Louise,R,Colon, ,12/13/1983,43,Female,80647 Janome Boulevard,Kyle,TX,78640,Hays County,,370-72-8188,963-028-7858,Marking and identification printing machine operator,Married,0,Black,Not Hispanic or Latino,,discount,NULL,,LC-78F-98B58,0000-00-00 00:00:00,0000-00-00 00:00:00,Islam,USA,,,,,,,,,,,,,,,,,,,,,,,,,,,,,,,,,,,,,,0,,,,,,YES,,,,NULL,NULL,NULL,NULL,NO,NO,NO,NO,YES,NO,0,NULL,NO,NULL,NULL,NULL,0,NULL,NULL,NULL,NULL,NULL,NULL,NULL,NULL,NULL,NULL,NULL,NULL,NULL,NULL,NULL,NULL,NULL,NULL,NULL,NULL,NULL,NULL,NULL,0,NULL,NULL,NULL,NULL,NULL,1,1,204
100,NULL,100,English,Mr.,Marvin,W,Deemer, ,9/18/1988,38,Male,81656 Eclipse Square,Austin,TX,78709,Travis County,,147-38-8363,697-356-5762,Operations research analyst,Married,0,White,Not Hispanic or Latino,,standard,NULL,,MD-54M-60261,0000-00-00 00:00:00,0000-00-00 00:00:00,Christianity,USA,,,,,,,,,,,,,,,,,,,,,,,,,,,,,,,,,,,,,,0,,,,,,YES,,,,NULL,NULL,NULL,NULL,NO,NO,NO,NO,YES,NO,0,NULL,NO,NULL,NULL,NULL,0,NULL,NULL,NULL,NULL,NULL,NULL,NULL,NULL,NULL,NULL,NULL,NULL,NULL,NULL,NULL,NULL,NULL,NULL,NULL,NULL,NULL,NULL,NULL,0,NULL,NULL,NULL,NULL,NULL,1,1,94
101,NULL,101,English,Prof.,William,G,Rudolph,PhD,6/3/2006,20,Male,12116 St James Grove,San antonio,TX,78297,Bexar County,,662-07-5976,297-068-3227,Professor,Single,0,White,Not Hispanic or Latino,,standard,NULL,,WR-89M-87B57,0000-00-00 00:00:00,0000-00-00 00:00:00,None,USA,,,,,,,,,,,,,,,,,,,,,,,,,,,,,,,,,,,,,,0,,,,,,YES,,,,NULL,NULL,NULL,NULL,NO,NO,NO,NO,YES,NO,0,NULL,NO,NULL,NULL,NULL,0,NULL,NULL,NULL,NULL,NULL,NULL,NULL,NULL,NULL,NULL,NULL,NULL,NULL,NULL,NULL,NULL,NULL,NULL,NULL,NULL,NULL,NULL,NULL,0,NULL,NULL,NULL,NULL,NULL,1,1,99
102,NULL,102,English,,Dale,,Mitchell, ,6/18/1951,75,Male,59097 Rachael Place,Austin,TX,78738,Hays County,,225-18-0952,253-017-2529,Agricultural worker,Divorced,0,Hawaiian or Pacific Islander,Not Hispanic or Latino,,standard,NULL,,DM-22M-5F8D2,0000-00-00 00:00:00,0000-00-00 00:00:00,Christianity,USA,,,,,,,,,,,,,,,,,,,,,,,,,,,,,,,,,,,,,,0,,,,,,YES,,,,NULL,NULL,NULL,NULL,NO,NO,NO,NO,YES,NO,0,NULL,NO,NULL,NULL,NULL,0,NULL,NULL,NULL,NULL,NULL,NULL,NULL,NULL,NULL,NULL,NULL,NULL,NULL,NULL,NULL,NULL,NULL,NULL,NULL,NULL,NULL,NULL,NULL,0,NULL,NULL,NULL,NULL,NULL,1,1,182
103,NULL,103,English,Mr.,Lionel,,Levitt,III,4/11/1969,57,Male,40591 Creedon Ct,Austin,TX,78799,Travis County,,866-10-1503,374-345-8179,Lyricist,Married,0,White,Not Hispanic or Latino,,standard,NULL,,LL-49M-D8947,0000-00-00 00:00:00,0000-00-00 00:00:00,Christianity,USA,,,,,,,,,,,,,,,,,,,,,,,,,,,,,,,,,,,,,,0,,,,,,YES,,,,NULL,NULL,NULL,NULL,NO,NO,NO,NO,YES,NO,0,NULL,NO,NULL,NULL,NULL,0,NULL,NULL,NULL,NULL,NULL,NULL,NULL,NULL,NULL,NULL,NULL,NULL,NULL,NULL,NULL,NULL,NULL,NULL,NULL,NULL,NULL,NULL,NULL,0,NULL,NULL,NULL,NULL,NULL,1,1,41
104,NULL,104,English,,Humbert,,Sisneros, ,11/1/1947,79,Male,40735 Carkeek Blvd,Austin,TX,78759,Travis County,,828-72-5736,450-545-1980,Airbrush artist,Single,0,Hawaiian or Pacific Islander,Hispanic or Latino,,standard,NULL,,HS-19M-2285E,0000-00-00 00:00:00,0000-00-00 00:00:00,None,USA,,,,,,,,,,,,,,,,,,,,,,,,,,,,,,,,,,,,,,0,,,,,,YES,,,,NULL,NULL,NULL,NULL,NO,NO,NO,NO,YES,NO,0,NULL,NO,NULL,NULL,NULL,0,NULL,NULL,NULL,NULL,NULL,NULL,NULL,NULL,NULL,NULL,NULL,NULL,NULL,NULL,NULL,NULL,NULL,NULL,NULL,NULL,NULL,NULL,NULL,0,NULL,NULL,NULL,NULL,NULL,1,1,171
105,NULL,105,English,Mr.,Rene,L,Busson, ,9/20/1964,62,Male,58828 Hendrie St,New braunfels,TX,78130,Guadalupe County,,513-12-2562,457-234-3286,Floor finisher,Single,0,White,Not Hispanic or Latino,,standard,NULL,,RB-90M-248C1,0000-00-00 00:00:00,0000-00-00 00:00:00,None,USA,,,,,,,,,,,,,,,,,,,,,,,,,,,,,,,,,,,,,,0,,,,,,YES,,,,NULL,NULL,NULL,NULL,NO,NO,NO,NO,YES,NO,0,NULL,NO,NULL,NULL,NULL,0,NULL,NULL,NULL,NULL,NULL,NULL,NULL,NULL,NULL,NULL,NULL,NULL,NULL,NULL,NULL,NULL,NULL,NULL,NULL,NULL,NULL,NULL,NULL,0,NULL,NULL,NULL,NULL,NULL,1,1,163
106,NULL,106,English,,Ann,,Hauser, ,7/14/1947,79,Female,45876 Rayner Lane,San antonio,TX,78285,Bexar County,,441-19-6357,547-681-0148,Bartender,Divorced,0,Asian,Not Hispanic or Latino,,discount,NULL,,AH-21F-3AC1D,0000-00-00 00:00:00,0000-00-00 00:00:00,Buddhism,USA,,,,,,,,,,,,,,,,,,,,,,,,,,,,,,,,,,,,,,0,,,,,,YES,,,,NULL,NULL,NULL,NULL,NO,NO,NO,NO,YES,NO,0,NULL,NO,NULL,NULL,NULL,0,NULL,NULL,NULL,NULL,NULL,NULL,NULL,NULL,NULL,NULL,NULL,NULL,NULL,NULL,NULL,NULL,NULL,NULL,NULL,NULL,NULL,NULL,NULL,0,NULL,NULL,NULL,NULL,NULL,1,1,274
107,NULL,107,English,Mr.,Brett,T,McDowell, ,4/9/2004,22,Male,97811 Brooker Route,San antonio,TX,78231,Bexar County,,417-41-9761,840-137-5600,Human resources supervisor,Single,0,Asian,Not Hispanic or Latino,,standard,NULL,,BM-82M-D70E6,0000-00-00 00:00:00,0000-00-00 00:00:00,None,USA,,,,,,,,,,,,,,,,,,,,,,,,,,,,,,,,,,,,,,0,,,,,,YES,,,,NULL,NULL,NULL,NULL,NO,NO,NO,NO,YES,NO,0,NULL,NO,NULL,NULL,NULL,0,NULL,NULL,NULL,NULL,NULL,NULL,NULL,NULL,NULL,NULL,NULL,NULL,NULL,NULL,NULL,NULL,NULL,NULL,NULL,NULL,NULL,NULL,NULL,0,NULL,NULL,NULL,NULL,NULL,1,1,35
108,NULL,108,English,Mrs.,Luann,,Starnes,PMP,3/14/1949,77,Female,70971 Keegan Boulevard,Converse,TX,78109,Bexar County,,410-17-6946,711-098-9856,Insurance sales agent,Divorced,0,Black,Not Hispanic or Latino,,discount,NULL,,LS-89F-93F9D,0000-00-00 00:00:00,0000-00-00 00:00:00,Christianity,USA,,,,,,,,,,,,,,,,,,,,,,,,,,,,,,,,,,,,,,0,,,,,,YES,,,,NULL,NULL,NULL,NULL,NO,NO,NO,NO,YES,NO,0,NULL,NO,NULL,NULL,NULL,0,NULL,NULL,NULL,NULL,NULL,NULL,NULL,NULL,NULL,NULL,NULL,NULL,NULL,NULL,NULL,NULL,NULL,NULL,NULL,NULL,NULL,NULL,NULL,0,NULL,NULL,NULL,NULL,NULL,1,1,138
109,NULL,109,English,Mr.,Jeremy,E,Cleggett, ,2/3/1989,37,Male,11693 Mudges Rd,San antonio,TX,78226,Bexar County,,667-92-5707,521-669-3811,GED teacher,Married,0,White,Hispanic or Latino,,standard,NULL,,JC-100M-5023F,0000-00-00 00:00:00,0000-00-00 00:00:00,None,USA,,,,,,,,,,,,,,,,,,,,,,,,,,,,,,,,,,,,,,0,,,,,,YES,,,,NULL,NULL,NULL,NULL,NO,NO,NO,NO,YES,NO,0,NULL,NO,NULL,NULL,NULL,0,NULL,NULL,NULL,NULL,NULL,NULL,NULL,NULL,NULL,NULL,NULL,NULL,NULL,NULL,NULL,NULL,NULL,NULL,NULL,NULL,NULL,NULL,NULL,0,NULL,NULL,NULL,NULL,NULL,1,1,282
110,NULL,110,English,Dr.,Thomas,D,Bagley,M.D.,6/18/1951,75,Male,60657 Novella Crescent,Cedar park,TX,78613,Travis County,,772-01-7342,411-198-1216,Chiropractic doctor,Single,0,Black,Hispanic or Latino,,discount,NULL,,TB-96M-840F9,0000-00-00 00:00:00,0000-00-00 00:00:00,Christianity,USA,,,,,,,,,,,,,,,,,,,,,,,,,,,,,,,,,,,,,,0,,,,,,YES,,,,NULL,NULL,NULL,NULL,NO,NO,NO,NO,YES,NO,0,NULL,NO,NULL,NULL,NULL,0,NULL,NULL,NULL,NULL,NULL,NULL,NULL,NULL,NULL,NULL,NULL,NULL,NULL,NULL,NULL,NULL,NULL,NULL,NULL,NULL,NULL,NULL,NULL,0,NULL,NULL,NULL,NULL,NULL,1,1,157
111,NULL,111,English,Dr.,Paulo,R,Melo,M.D.,9/17/1964,62,Male,29187 Sidmouth Highway,Marion,TX,78124,Bexar County,,441-42-8733,936-125-3110,Pediatric dentist,Divorced,0,Asian,Not Hispanic or Latino,,discount,NULL,,PM-36M-19A19,0000-00-00 00:00:00,0000-00-00 00:00:00,Christianity,USA,,,,,,,,,,,,,,,,,,,,,,,,,,,,,,,,,,,,,,0,,,,,,YES,,,,NULL,NULL,NULL,NULL,NO,NO,NO,NO,YES,NO,0,NULL,NO,NULL,NULL,NULL,0,NULL,NULL,NULL,NULL,NULL,NULL,NULL,NULL,NULL,NULL,NULL,NULL,NULL,NULL,NULL,NULL,NULL,NULL,NULL,NULL,NULL,NULL,NULL,0,NULL,NULL,NULL,NULL,NULL,1,1,180
112,NULL,112,English,Prof.,Dominic,E,Gray,PhD,10/23/2006,20,Male,60827 Chelwood St,Boerne,TX,78015,Bexar County,,801-23-1062,769-846-8913,Professor,Single,0,Black,Hispanic or Latino,,discount,NULL,,DG-34M-73182,0000-00-00 00:00:00,0000-00-00 00:00:00,Islam,USA,,,,,,,,,,,,,,,,,,,,,,,,,,,,,,,,,,,,,,0,,,,,,YES,,,,NULL,NULL,NULL,NULL,NO,NO,NO,NO,YES,NO,0,NULL,NO,NULL,NULL,NULL,0,NULL,NULL,NULL,NULL,NULL,NULL,NULL,NULL,NULL,NULL,NULL,NULL,NULL,NULL,NULL,NULL,NULL,NULL,NULL,NULL,NULL,NULL,NULL,0,NULL,NULL,NULL,NULL,NULL,1,1,129
113,NULL,113,English,Mrs.,Cheryl,D,Delariva, ,11/27/1985,41,Female,78778 Warden Cove,Austin,TX,78762,Travis County,,583-07-9053,928-043-8768,Chemical equipment operator,Divorced,0,Hawaiian or Pacific Islander,Not Hispanic or Latino,,standard,NULL,,CD-35F-932CD,0000-00-00 00:00:00,0000-00-00 00:00:00,Buddhism,USA,,,,,,,,,,,,,,,,,,,,,,,,,,,,,,,,,,,,,,0,,,,,,YES,,,,NULL,NULL,NULL,NULL,NO,NO,NO,NO,YES,NO,0,NULL,NO,NULL,NULL,NULL,0,NULL,NULL,NULL,NULL,NULL,NULL,NULL,NULL,NULL,NULL,NULL,NULL,NULL,NULL,NULL,NULL,NULL,NULL,NULL,NULL,NULL,NULL,NULL,0,NULL,NULL,NULL,NULL,NULL,1,1,74
114,NULL,114,English,Ms.,Daniela,P,Reinhardt, ,9/29/1941,85,Female,54496 Eastcott Dr,Round mountain,TX,78663,Hays County,,534-43-3186,877-947-0666,Margin clerk,Married,0,Black,Not Hispanic or Latino,,discount,NULL,,DR-55F-D0BE0,0000-00-00 00:00:00,0000-00-00 00:00:00,Christianity,USA,,,,,,,,,,,,,,,,,,,,,,,,,,,,,,,,,,,,,,0,,,,,,YES,,,,NULL,NULL,NULL,NULL,NO,NO,NO,NO,YES,NO,0,NULL,NO,NULL,NULL,NULL,0,NULL,NULL,NULL,NULL,NULL,NULL,NULL,NULL,NULL,NULL,NULL,NULL,NULL,NULL,NULL,NULL,NULL,NULL,NULL,NULL,NULL,NULL,NULL,0,NULL,NULL,NULL,NULL,NULL,1,1,227
115,NULL,115,English,Ms.,Erin,D,Halle, ,4/8/1975,51,Female,66024 Karina Alley,Austin,TX,78721,Travis County,,436-97-4069,247-602-9685,Account clerk,Married,0,Black,Not Hispanic or Latino,,standard,NULL,,EH-92F-BCA8B,0000-00-00 00:00:00,0000-00-00 00:00:00,Buddhism,USA,,,,,,,,,,,,,,,,,,,,,,,,,,,,,,,,,,,,,,0,,,,,,YES,,,,NULL,NULL,NULL,NULL,NO,NO,NO,NO,YES,NO,0,NULL,NO,NULL,NULL,NULL,0,NULL,NULL,NULL,NULL,NULL,NULL,NULL,NULL,NULL,NULL,NULL,NULL,NULL,NULL,NULL,NULL,NULL,NULL,NULL,NULL,NULL,NULL,NULL,0,NULL,NULL,NULL,NULL,NULL,1,1,69
116,NULL,116,English,Mr.,John,R,Rollins,MBA,2/7/1974,52,Male,40737 Arapiki Ct,Austin,TX,78735,Travis County,,391-79-0250,536-195-3520,Information designer,Married,0,Black,Not Hispanic or Latino,,discount,NULL,,JR-29M-F1774,0000-00-00 00:00:00,0000-00-00 00:00:00,None,USA,,,,,,,,,,,,,,,,,,,,,,,,,,,,,,,,,,,,,,0,,,,,,YES,,,,NULL,NULL,NULL,NULL,NO,NO,NO,NO,YES,NO,0,NULL,NO,NULL,NULL,NULL,0,NULL,NULL,NULL,NULL,NULL,NULL,NULL,NULL,NULL,NULL,NULL,NULL,NULL,NULL,NULL,NULL,NULL,NULL,NULL,NULL,NULL,NULL,NULL,0,NULL,NULL,NULL,NULL,NULL,1,1,178
117,NULL,117,English,Prof.,Guy,G,Guardado,PhD,4/28/1932,94,Male,11028 MacLoughlin Terrace,Austin,TX,78739,Hays County,,245-72-7444,977-136-6040,Professor,Single,0,White,Hispanic or Latino,,standard,NULL,,GG-75M-76BC3,0000-00-00 00:00:00,0000-00-00 00:00:00,None,USA,,,,,,,,,,,,,,,,,,,,,,,,,,,,,,,,,,,,,,0,,,,,,YES,,,,NULL,NULL,NULL,NULL,NO,NO,NO,NO,YES,NO,0,NULL,NO,NULL,NULL,NULL,0,NULL,NULL,NULL,NULL,NULL,NULL,NULL,NULL,NULL,NULL,NULL,NULL,NULL,NULL,NULL,NULL,NULL,NULL,NULL,NULL,NULL,NULL,NULL,0,NULL,NULL,NULL,NULL,NULL,1,1,112
118,NULL,118,English,Mrs.,Shannon,A,Redmon, ,1/21/1970,56,Female,88729 Geneva Trail,Austin,TX,78737,Hays County,,860-43-7852,241-852-6526,Head cook,Divorced,0,Asian,Hispanic or Latino,,standard,NULL,,SR-38F-7FB8D,0000-00-00 00:00:00,0000-00-00 00:00:00,None,USA,,,,,,,,,,,,,,,,,,,,,,,,,,,,,,,,,,,,,,0,,,,,,YES,,,,NULL,NULL,NULL,NULL,NO,NO,NO,NO,YES,NO,0,NULL,NO,NULL,NULL,NULL,0,NULL,NULL,NULL,NULL,NULL,NULL,NULL,NULL,NULL,NULL,NULL,NULL,NULL,NULL,NULL,NULL,NULL,NULL,NULL,NULL,NULL,NULL,NULL,0,NULL,NULL,NULL,NULL,NULL,1,1,267
119,NULL,119,English,Mr.,Roderick,M,Cullinan, ,6/15/1977,49,Male,63330 Redmond Terrace,Austin,TX,78716,Travis County,,723-47-2548,259-628-9584,Medical laboratory technologist,Single,0,White,Not Hispanic or Latino,,standard,NULL,,RC-65M-9A26B,0000-00-00 00:00:00,0000-00-00 00:00:00,Christianity,USA,,,,,,,,,,,,,,,,,,,,,,,,,,,,,,,,,,,,,,0,,,,,,YES,,,,NULL,NULL,NULL,NULL,NO,NO,NO,NO,YES,NO,0,NULL,NO,NULL,NULL,NULL,0,NULL,NULL,NULL,NULL,NULL,NULL,NULL,NULL,NULL,NULL,NULL,NULL,NULL,NULL,NULL,NULL,NULL,NULL,NULL,NULL,NULL,NULL,NULL,0,NULL,NULL,NULL,NULL,NULL,1,1,155
120,NULL,120,English,Mrs.,Vicki,K,Blanton, ,3/25/1963,63,Female,81799 Barclay Boulevard,Austin,TX,78768,Travis County,,766-25-8741,537-933-1143,Mine safety engineer,Married,0,Black,Hispanic or Latino,,standard,NULL,,VB-78F-5931E,0000-00-00 00:00:00,0000-00-00 00:00:00,Christianity,USA,,,,,,,,,,,,,,,,,,,,,,,,,,,,,,,,,,,,,,0,,,,,,YES,,,,NULL,NULL,NULL,NULL,NO,NO,NO,NO,YES,NO,0,NULL,NO,NULL,NULL,NULL,0,NULL,NULL,NULL,NULL,NULL,NULL,NULL,NULL,NULL,NULL,NULL,NULL,NULL,NULL,NULL,NULL,NULL,NULL,NULL,NULL,NULL,NULL,NULL,0,NULL,NULL,NULL,NULL,NULL,1,1,218
121,NULL,121,English,Mrs.,Selina,Z,Vedzizhev, ,6/16/2001,25,Female,7378 Dryden Ave,Saint hedwig,TX,78152,Bexar County,,418-15-3284,323-934-8828,Brokerage clerk,Divorced,0,Asian,Not Hispanic or Latino,,standard,NULL,,SV-31F-848A9,0000-00-00 00:00:00,0000-00-00 00:00:00,None,USA,,,,,,,,,,,,,,,,,,,,,,,,,,,,,,,,,,,,,,0,,,,,,YES,,,,NULL,NULL,NULL,NULL,NO,NO,NO,NO,YES,NO,0,NULL,NO,NULL,NULL,NULL,0,NULL,NULL,NULL,NULL,NULL,NULL,NULL,NULL,NULL,NULL,NULL,NULL,NULL,NULL,NULL,NULL,NULL,NULL,NULL,NULL,NULL,NULL,NULL,0,NULL,NULL,NULL,NULL,NULL,1,1,54
122,NULL,122,English,Prof.,Gines,,Romo,PhD,4/10/1935,91,Female,97284 Lowe Blvd,San antonio,TX,78240,Bexar County,,177-36-7896,670-772-1537,Professor,Married,0,Asian,Not Hispanic or Latino,,standard,NULL,,GR-93F-B64B9,0000-00-00 00:00:00,0000-00-00 00:00:00,Buddhism,USA,,,,,,,,,,,,,,,,,,,,,,,,,,,,,,,,,,,,,,0,,,,,,YES,,,,NULL,NULL,NULL,NULL,NO,NO,NO,NO,YES,NO,0,NULL,NO,NULL,NULL,NULL,0,NULL,NULL,NULL,NULL,NULL,NULL,NULL,NULL,NULL,NULL,NULL,NULL,NULL,NULL,NULL,NULL,NULL,NULL,NULL,NULL,NULL,NULL,NULL,0,NULL,NULL,NULL,NULL,NULL,1,1,126
123,NULL,123,English,Mrs.,Sieda,V,Aslakhanov, ,5/23/1973,53,Female,1570 Kaihuia Route,Austin,TX,78758,Travis County,,643-31-6196,209-170-1583,Loan interviewer,Married,0,Black,Hispanic or Latino,,standard,NULL,,SA-65F-107A8,0000-00-00 00:00:00,0000-00-00 00:00:00,None,USA,,,,,,,,,,,,,,,,,,,,,,,,,,,,,,,,,,,,,,0,,,,,,YES,,,,NULL,NULL,NULL,NULL,NO,NO,NO,NO,YES,NO,0,NULL,NO,NULL,NULL,NULL,0,NULL,NULL,NULL,NULL,NULL,NULL,NULL,NULL,NULL,NULL,NULL,NULL,NULL,NULL,NULL,NULL,NULL,NULL,NULL,NULL,NULL,NULL,NULL,0,NULL,NULL,NULL,NULL,NULL,1,1,169
124,NULL,124,English,Mr.,Akiyuki,R,Okano, ,11/12/1967,59,Male,86211 Kumai Pkwy,Manor,TX,78653,Bastrop County,,627-12-4084,678-094-5902,Order filler,Divorced,0,Black,Not Hispanic or Latino,,standard,NULL,,AO-36M-DF316,0000-00-00 00:00:00,0000-00-00 00:00:00,Buddhism,USA,,,,,,,,,,,,,,,,,,,,,,,,,,,,,,,,,,,,,,0,,,,,,YES,,,,NULL,NULL,NULL,NULL,NO,NO,NO,NO,YES,NO,0,NULL,NO,NULL,NULL,NULL,0,NULL,NULL,NULL,NULL,NULL,NULL,NULL,NULL,NULL,NULL,NULL,NULL,NULL,NULL,NULL,NULL,NULL,NULL,NULL,NULL,NULL,NULL,NULL,0,NULL,NULL,NULL,NULL,NULL,1,1,166
125,NULL,125,English,Mr.,Katochimeikato,,FusamiHayakawa, ,12/31/2004,22,Male,34884 Wray Alley,Austin,TX,78742,Travis County,,143-29-3688,802-873-5134,Shoe and leather repairer,Single,0,White,Hispanic or Latino,,discount,NULL,,KF-96M-76DB6,0000-00-00 00:00:00,0000-00-00 00:00:00,Christianity,USA,,,,,,,,,,,,,,,,,,,,,,,,,,,,,,,,,,,,,,0,,,,,,YES,,,,NULL,NULL,NULL,NULL,NO,NO,NO,NO,YES,NO,0,NULL,NO,NULL,NULL,NULL,0,NULL,NULL,NULL,NULL,NULL,NULL,NULL,NULL,NULL,NULL,NULL,NULL,NULL,NULL,NULL,NULL,NULL,NULL,NULL,NULL,NULL,NULL,NULL,0,NULL,NULL,NULL,NULL,NULL,1,1,292
126,NULL,126,English,,Ada,B,Leonard, ,2/11/1996,30,Female,49605 MacKenzie Pass Cove,San antonio,TX,78227,Bexar County,,185-10-6056,416-137-3096,Packager,Divorced,0,Asian,Not Hispanic or Latino,,standard,NULL,,AL-20F-E2523,0000-00-00 00:00:00,0000-00-00 00:00:00,Christianity,USA,,,,,,,,,,,,,,,,,,,,,,,,,,,,,,,,,,,,,,0,,,,,,YES,,,,NULL,NULL,NULL,NULL,NO,NO,NO,NO,YES,NO,0,NULL,NO,NULL,NULL,NULL,0,NULL,NULL,NULL,NULL,NULL,NULL,NULL,NULL,NULL,NULL,NULL,NULL,NULL,NULL,NULL,NULL,NULL,NULL,NULL,NULL,NULL,NULL,NULL,0,NULL,NULL,NULL,NULL,NULL,1,1,121
127,NULL,127,English,Ms.,Helen,M,Rodriguez, ,6/15/1929,97,Female,22023 Heke Way,Austin,TX,78702,Travis County,,370-86-5406,230-643-4600,Counter and rental clerk,Single,0,White,Hispanic or Latino,,standard,NULL,,HR-77F-3779B,0000-00-00 00:00:00,0000-00-00 00:00:00,Islam,USA,,,,,,,,,,,,,,,,,,,,,,,,,,,,,,,,,,,,,,0,,,,,,YES,,,,NULL,NULL,NULL,NULL,NO,NO,NO,NO,YES,NO,0,NULL,NO,NULL,NULL,NULL,0,NULL,NULL,NULL,NULL,NULL,NULL,NULL,NULL,NULL,NULL,NULL,NULL,NULL,NULL,NULL,NULL,NULL,NULL,NULL,NULL,NULL,NULL,NULL,0,NULL,NULL,NULL,NULL,NULL,1,1,242
128,NULL,128,English,Mrs.,Nikita,D,Lofgren, ,5/11/1951,75,Female,68649 Smithfield Ct,Boerne,TX,78006,Bexar County,,865-65-0302,222-023-8821,Desk clerk,Married,0,Black,Not Hispanic or Latino,,discount,NULL,,NL-89F-D0E76,0000-00-00 00:00:00,0000-00-00 00:00:00,Buddhism,USA,,,,,,,,,,,,,,,,,,,,,,,,,,,,,,,,,,,,,,0,,,,,,YES,,,,NULL,NULL,NULL,NULL,NO,NO,NO,NO,YES,NO,0,NULL,NO,NULL,NULL,NULL,0,NULL,NULL,NULL,NULL,NULL,NULL,NULL,NULL,NULL,NULL,NULL,NULL,NULL,NULL,NULL,NULL,NULL,NULL,NULL,NULL,NULL,NULL,NULL,0,NULL,NULL,NULL,NULL,NULL,1,1,275
129,NULL,129,English,Mrs.,Oneida,W,Pruett, ,7/21/1950,76,Female,15280 Lemnos Ln,Austin,TX,78739,Hays County,,740-17-4304,506-603-5517,Recreation leader,Single,0,White,Hispanic or Latino,,standard,NULL,,OP-99F-641DD,0000-00-00 00:00:00,0000-00-00 00:00:00,Buddhism,USA,,,,,,,,,,,,,,,,,,,,,,,,,,,,,,,,,,,,,,0,,,,,,YES,,,,NULL,NULL,NULL,NULL,NO,NO,NO,NO,YES,NO,0,NULL,NO,NULL,NULL,NULL,0,NULL,NULL,NULL,NULL,NULL,NULL,NULL,NULL,NULL,NULL,NULL,NULL,NULL,NULL,NULL,NULL,NULL,NULL,NULL,NULL,NULL,NULL,NULL,0,NULL,NULL,NULL,NULL,NULL,1,1,78
130,NULL,130,English,Mr.,Julian,I,Gatehouse, ,6/1/1925,101,Male,52880 Wescam Street,New braunfels,TX,78130,Guadalupe County,,399-84-7092,798-088-1535,Camera operator,Single,0,American Indian,Hispanic or Latino,,discount,NULL,,JG-51M-F0FCD,0000-00-00 00:00:00,0000-00-00 00:00:00,Christianity,USA,,,,,,,,,,,,,,,,,,,,,,,,,,,,,,,,,,,,,,0,,,,,,YES,,,,NULL,NULL,NULL,NULL,NO,NO,NO,NO,YES,NO,0,NULL,NO,NULL,NULL,NULL,0,NULL,NULL,NULL,NULL,NULL,NULL,NULL,NULL,NULL,NULL,NULL,NULL,NULL,NULL,NULL,NULL,NULL,NULL,NULL,NULL,NULL,NULL,NULL,0,NULL,NULL,NULL,NULL,NULL,1,1,76
131,NULL,131,English,Ms.,Eva,,Collings, ,4/20/1982,44,Female,86868 Coates Sq,San antonio,TX,78259,Bexar County,,718-25-7634,775-604-5447,Mechanical drafter,Married,0,Black,Hispanic or Latino,,standard,NULL,,EC-39F-82EEE,0000-00-00 00:00:00,0000-00-00 00:00:00,Christianity,USA,,,,,,,,,,,,,,,,,,,,,,,,,,,,,,,,,,,,,,0,,,,,,YES,,,,NULL,NULL,NULL,NULL,NO,NO,NO,NO,YES,NO,0,NULL,NO,NULL,NULL,NULL,0,NULL,NULL,NULL,NULL,NULL,NULL,NULL,NULL,NULL,NULL,NULL,NULL,NULL,NULL,NULL,NULL,NULL,NULL,NULL,NULL,NULL,NULL,NULL,0,NULL,NULL,NULL,NULL,NULL,1,1,118
132,NULL,132,English,Prof.,Melvin,,Overstreet,PhD,12/12/1955,71,Male,17144 Luxford Drive,Dripping springs,TX,78620,Hays County,,770-10-4338,323-925-3135,Professor,Divorced,0,White,Not Hispanic or Latino,,standard,NULL,,MO-32M-7632A,0000-00-00 00:00:00,0000-00-00 00:00:00,Judaism,USA,,,,,,,,,,,,,,,,,,,,,,,,,,,,,,,,,,,,,,0,,,,,,YES,,,,NULL,NULL,NULL,NULL,NO,NO,NO,NO,YES,NO,0,NULL,NO,NULL,NULL,NULL,0,NULL,NULL,NULL,NULL,NULL,NULL,NULL,NULL,NULL,NULL,NULL,NULL,NULL,NULL,NULL,NULL,NULL,NULL,NULL,NULL,NULL,NULL,NULL,0,NULL,NULL,NULL,NULL,NULL,1,1,60
133,NULL,133,English,Mr.,Nibs,B,Zaragamba, ,2/4/1945,81,Male,29125 College Trail,Austin,TX,78752,Travis County,,228-57-1492,564-552-3119,Molding  coremaking  and casting machine tender,Married,0,Black,Not Hispanic or Latino,,standard,NULL,,NZ-42M-5D81B,0000-00-00 00:00:00,0000-00-00 00:00:00,Christianity,USA,,,,,,,,,,,,,,,,,,,,,,,,,,,,,,,,,,,,,,0,,,,,,YES,,,,NULL,NULL,NULL,NULL,NO,NO,NO,NO,YES,NO,0,NULL,NO,NULL,NULL,NULL,0,NULL,NULL,NULL,NULL,NULL,NULL,NULL,NULL,NULL,NULL,NULL,NULL,NULL,NULL,NULL,NULL,NULL,NULL,NULL,NULL,NULL,NULL,NULL,0,NULL,NULL,NULL,NULL,NULL,1,1,190
134,NULL,134,English,Mr.,Lok,X,Tai, ,2/26/1960,66,Male,8912 Bremner Park Blvd,Cedar creek,TX,78612,Bastrop County,,555-94-3884,791-852-4213,Registrar,Divorced,0,White,Not Hispanic or Latino,,standard,NULL,,LT-28M-45625,0000-00-00 00:00:00,0000-00-00 00:00:00,None,USA,,,,,,,,,,,,,,,,,,,,,,,,,,,,,,,,,,,,,,0,,,,,,YES,,,,NULL,NULL,NULL,NULL,NO,NO,NO,NO,YES,NO,0,NULL,NO,NULL,NULL,NULL,0,NULL,NULL,NULL,NULL,NULL,NULL,NULL,NULL,NULL,NULL,NULL,NULL,NULL,NULL,NULL,NULL,NULL,NULL,NULL,NULL,NULL,NULL,NULL,0,NULL,NULL,NULL,NULL,NULL,1,1,199
135,NULL,135,English,,Kriz,,Tlanak,Sr.,12/13/1995,31,Male,77036 Ridgeway Cove,Austin,TX,78722,Travis County,,745-14-9786,377-310-5293,Dry-cleaning worker,Single,0,American Indian,Not Hispanic or Latino,,standard,NULL,,KT-20M-3ED2B,0000-00-00 00:00:00,0000-00-00 00:00:00,Buddhism,USA,,,,,,,,,,,,,,,,,,,,,,,,,,,,,,,,,,,,,,0,,,,,,YES,,,,NULL,NULL,NULL,NULL,NO,NO,NO,NO,YES,NO,0,NULL,NO,NULL,NULL,NULL,0,NULL,NULL,NULL,NULL,NULL,NULL,NULL,NULL,NULL,NULL,NULL,NULL,NULL,NULL,NULL,NULL,NULL,NULL,NULL,NULL,NULL,NULL,NULL,0,NULL,NULL,NULL,NULL,NULL,1,1,122
136,NULL,136,English,Mrs.,Chelsea,D,Hedditch, ,3/22/1933,93,Female,85733 Owens Rd,San antonio,TX,78266,Bexar County,,387-07-2856,230-658-6752,Biographer,Single,0,Asian,Hispanic or Latino,,standard,NULL,,CH-86F-7FDCD,0000-00-00 00:00:00,0000-00-00 00:00:00,Christianity,USA,,,,,,,,,,,,,,,,,,,,,,,,,,,,,,,,,,,,,,0,,,,,,YES,,,,NULL,NULL,NULL,NULL,NO,NO,NO,NO,YES,NO,0,NULL,NO,NULL,NULL,NULL,0,NULL,NULL,NULL,NULL,NULL,NULL,NULL,NULL,NULL,NULL,NULL,NULL,NULL,NULL,NULL,NULL,NULL,NULL,NULL,NULL,NULL,NULL,NULL,0,NULL,NULL,NULL,NULL,NULL,1,1,255
137,NULL,137,English,Dr.,Louise,M,Lyberth,M.D.,11/10/1948,78,Female,91329 Wyoming Terrace,Austin,TX,78779,Travis County,,676-14-7050,873-225-9562,Podiatric doctor,Married,0,White,Hispanic or Latino,,standard,NULL,,LL-68F-B62FA,0000-00-00 00:00:00,0000-00-00 00:00:00,Christianity,USA,,,,,,,,,,,,,,,,,,,,,,,,,,,,,,,,,,,,,,0,,,,,,YES,,,,NULL,NULL,NULL,NULL,NO,NO,NO,NO,YES,NO,0,NULL,NO,NULL,NULL,NULL,0,NULL,NULL,NULL,NULL,NULL,NULL,NULL,NULL,NULL,NULL,NULL,NULL,NULL,NULL,NULL,NULL,NULL,NULL,NULL,NULL,NULL,NULL,NULL,0,NULL,NULL,NULL,NULL,NULL,1,1,67
138,NULL,138,English,Mr.,Gillen,M,Jaime, ,8/16/1999,27,Male,67715 Harrisfield Way,Austin,TX,78738,Hays County,,300-89-8297,350-390-4827,Real-time captioner,Single,0,Black,Not Hispanic or Latino,,discount,NULL,,GJ-73M-FD55A,0000-00-00 00:00:00,0000-00-00 00:00:00,Christianity,USA,,,,,,,,,,,,,,,,,,,,,,,,,,,,,,,,,,,,,,0,,,,,,YES,,,,NULL,NULL,NULL,NULL,NO,NO,NO,NO,YES,NO,0,NULL,NO,NULL,NULL,NULL,0,NULL,NULL,NULL,NULL,NULL,NULL,NULL,NULL,NULL,NULL,NULL,NULL,NULL,NULL,NULL,NULL,NULL,NULL,NULL,NULL,NULL,NULL,NULL,0,NULL,NULL,NULL,NULL,NULL,1,1,84
139,NULL,139,English,,Lanna,T,Rixen, ,5/7/1958,68,Female,24252 Winston Parkway,San antonio,TX,78230,Bexar County,,870-42-4763,969-831-1553,Data entry clerk,Married,0,White,Hispanic or Latino,,standard,NULL,,LR-21F-3FD57,0000-00-00 00:00:00,0000-00-00 00:00:00,Christianity,USA,,,,,,,,,,,,,,,,,,,,,,,,,,,,,,,,,,,,,,0,,,,,,YES,,,,NULL,NULL,NULL,NULL,NO,NO,NO,NO,YES,NO,0,NULL,NO,NULL,NULL,NULL,0,NULL,NULL,NULL,NULL,NULL,NULL,NULL,NULL,NULL,NULL,NULL,NULL,NULL,NULL,NULL,NULL,NULL,NULL,NULL,NULL,NULL,NULL,NULL,0,NULL,NULL,NULL,NULL,NULL,1,1,189
140,NULL,140,English,Prof.,Ikuya,T,Murata,PhD,6/16/1972,54,Male,79165 Hillcrest Parkway,Universal city,TX,78148,Bexar County,,576-73-4641,506-552-1747,Professor,Divorced,0,American Indian,Not Hispanic or Latino,,standard,NULL,,IM-42M-92FEC,0000-00-00 00:00:00,0000-00-00 00:00:00,None,USA,,,,,,,,,,,,,,,,,,,,,,,,,,,,,,,,,,,,,,0,,,,,,YES,,,,NULL,NULL,NULL,NULL,NO,NO,NO,NO,YES,NO,0,NULL,NO,NULL,NULL,NULL,0,NULL,NULL,NULL,NULL,NULL,NULL,NULL,NULL,NULL,NULL,NULL,NULL,NULL,NULL,NULL,NULL,NULL,NULL,NULL,NULL,NULL,NULL,NULL,0,NULL,NULL,NULL,NULL,NULL,1,1,121
141,NULL,141,English,Mrs.,Palmira,S,Dominquez,II,6/17/1927,99,Female,78970 Briggs Route,San antonio,TX,78278,Bexar County,,884-31-4639,245-021-8198,Lyricist,Married,0,Black,Hispanic or Latino,,standard,NULL,,PD-44F-415B2,0000-00-00 00:00:00,0000-00-00 00:00:00,Buddhism,USA,,,,,,,,,,,,,,,,,,,,,,,,,,,,,,,,,,,,,,0,,,,,,YES,,,,NULL,NULL,NULL,NULL,NO,NO,NO,NO,YES,NO,0,NULL,NO,NULL,NULL,NULL,0,NULL,NULL,NULL,NULL,NULL,NULL,NULL,NULL,NULL,NULL,NULL,NULL,NULL,NULL,NULL,NULL,NULL,NULL,NULL,NULL,NULL,NULL,NULL,0,NULL,NULL,NULL,NULL,NULL,1,1,278
142,NULL,142,English,Mrs.,Reina,Y,Shinosaki, ,6/12/1929,97,Female,2318 Bernleigh Ct,San antonio,TX,78245,Bexar County,,446-11-6847,554-219-5187,Licensed vocational nurse,Divorced,0,White,Not Hispanic or Latino,,discount,NULL,,RS-37F-2947E,0000-00-00 00:00:00,0000-00-00 00:00:00,Christianity,USA,,,,,,,,,,,,,,,,,,,,,,,,,,,,,,,,,,,,,,0,,,,,,YES,,,,NULL,NULL,NULL,NULL,NO,NO,NO,NO,YES,NO,0,NULL,NO,NULL,NULL,NULL,0,NULL,NULL,NULL,NULL,NULL,NULL,NULL,NULL,NULL,NULL,NULL,NULL,NULL,NULL,NULL,NULL,NULL,NULL,NULL,NULL,NULL,NULL,NULL,0,NULL,NULL,NULL,NULL,NULL,1,1,186
143,NULL,143,English,,Charlotte,C,Gregoire, ,7/28/1947,79,Female,66427 Cronin Ct,Manchaca,TX,78652,Hays County,,179-37-1159,708-032-7718,Bartender helper,Married,0,American Indian,Not Hispanic or Latino,,discount,NULL,,CG-24F-CDE4C,0000-00-00 00:00:00,0000-00-00 00:00:00,Buddhism,USA,,,,,,,,,,,,,,,,,,,,,,,,,,,,,,,,,,,,,,0,,,,,,YES,,,,NULL,NULL,NULL,NULL,NO,NO,NO,NO,YES,NO,0,NULL,NO,NULL,NULL,NULL,0,NULL,NULL,NULL,NULL,NULL,NULL,NULL,NULL,NULL,NULL,NULL,NULL,NULL,NULL,NULL,NULL,NULL,NULL,NULL,NULL,NULL,NULL,NULL,0,NULL,NULL,NULL,NULL,NULL,1,1,66
144,NULL,144,English,Prof.,Evan,,Wright,PhD,7/18/1975,51,Male,50656 Ohaupo Loop,Austin,TX,78767,Travis County,,559-79-1745,248-876-4444,Professor,Married,0,White,Not Hispanic or Latino,,discount,NULL,,EW-41M-A58FF,0000-00-00 00:00:00,0000-00-00 00:00:00,Christianity,USA,,,,,,,,,,,,,,,,,,,,,,,,,,,,,,,,,,,,,,0,,,,,,YES,,,,NULL,NULL,NULL,NULL,NO,NO,NO,NO,YES,NO,0,NULL,NO,NULL,NULL,NULL,0,NULL,NULL,NULL,NULL,NULL,NULL,NULL,NULL,NULL,NULL,NULL,NULL,NULL,NULL,NULL,NULL,NULL,NULL,NULL,NULL,NULL,NULL,NULL,0,NULL,NULL,NULL,NULL,NULL,1,1,285
145,NULL,145,English,Hon.,Campbell,M,Pinneau, ,8/18/1943,83,Male,17319 Tulip Rd,Buda,TX,78610,Hays County,,550-89-9907,360-979-4153,PBX installer,Divorced,0,White,Hispanic or Latino,,discount,NULL,,CP-101M-1F440,0000-00-00 00:00:00,0000-00-00 00:00:00,Buddhism,USA,,,,,,,,,,,,,,,,,,,,,,,,,,,,,,,,,,,,,,0,,,,,,YES,,,,NULL,NULL,NULL,NULL,NO,NO,NO,NO,YES,NO,0,NULL,NO,NULL,NULL,NULL,0,NULL,NULL,NULL,NULL,NULL,NULL,NULL,NULL,NULL,NULL,NULL,NULL,NULL,NULL,NULL,NULL,NULL,NULL,NULL,NULL,NULL,NULL,NULL,0,NULL,NULL,NULL,NULL,NULL,1,1,113
146,NULL,146,English,Prof.,Lucile,G,Noland,PhD,3/23/1972,54,Female,34810 Foley Drive,Dale,TX,78616,Bastrop County,,303-71-9994,510-747-2740,Professor,Divorced,0,Black,Not Hispanic or Latino,,standard,NULL,,LN-79F-7AA45,0000-00-00 00:00:00,0000-00-00 00:00:00,Christianity,USA,,,,,,,,,,,,,,,,,,,,,,,,,,,,,,,,,,,,,,0,,,,,,YES,,,,NULL,NULL,NULL,NULL,NO,NO,NO,NO,YES,NO,0,NULL,NO,NULL,NULL,NULL,0,NULL,NULL,NULL,NULL,NULL,NULL,NULL,NULL,NULL,NULL,NULL,NULL,NULL,NULL,NULL,NULL,NULL,NULL,NULL,NULL,NULL,NULL,NULL,0,NULL,NULL,NULL,NULL,NULL,1,1,224
147,NULL,147,English,Mr.,Cristian,,Giordano, ,7/4/1992,34,Male,98043 Willowcreek Blvd,San antonio,TX,78280,Bexar County,,706-09-8046,815-118-3370,Residence leasing agent,Divorced,0,American Indian,Not Hispanic or Latino,,standard,NULL,,CG-71M-1C10B,0000-00-00 00:00:00,0000-00-00 00:00:00,None,USA,,,,,,,,,,,,,,,,,,,,,,,,,,,,,,,,,,,,,,0,,,,,,YES,,,,NULL,NULL,NULL,NULL,NO,NO,NO,NO,YES,NO,0,NULL,NO,NULL,NULL,NULL,0,NULL,NULL,NULL,NULL,NULL,NULL,NULL,NULL,NULL,NULL,NULL,NULL,NULL,NULL,NULL,NULL,NULL,NULL,NULL,NULL,NULL,NULL,NULL,0,NULL,NULL,NULL,NULL,NULL,1,1,210
148,NULL,148,English,Mr.,Gary,D,Sutter, ,6/16/1949,77,Male,24836 Lena Trail,Wimberley,TX,78676,Hays County,,100-33-1169,312-384-6795,Courier,Single,0,American Indian,Not Hispanic or Latino,,standard,NULL,,GS-69M-66B78,0000-00-00 00:00:00,0000-00-00 00:00:00,Buddhism,USA,,,,,,,,,,,,,,,,,,,,,,,,,,,,,,,,,,,,,,0,,,,,,YES,,,,NULL,NULL,NULL,NULL,NO,NO,NO,NO,YES,NO,0,NULL,NO,NULL,NULL,NULL,0,NULL,NULL,NULL,NULL,NULL,NULL,NULL,NULL,NULL,NULL,NULL,NULL,NULL,NULL,NULL,NULL,NULL,NULL,NULL,NULL,NULL,NULL,NULL,0,NULL,NULL,NULL,NULL,NULL,1,1,76
149,NULL,149,English,Mrs.,Ernestine,R,Dumas, ,11/16/1942,84,Female,32179 St Leger Way,Marion,TX,78124,Bexar County,,416-80-9951,421-023-1204,Billing machine operator,Married,0,American Indian,Hispanic or Latino,,standard,NULL,,ED-50F-A1255,0000-00-00 00:00:00,0000-00-00 00:00:00,None,USA,,,,,,,,,,,,,,,,,,,,,,,,,,,,,,,,,,,,,,0,,,,,,YES,,,,NULL,NULL,NULL,NULL,NO,NO,NO,NO,YES,NO,0,NULL,NO,NULL,NULL,NULL,0,NULL,NULL,NULL,NULL,NULL,NULL,NULL,NULL,NULL,NULL,NULL,NULL,NULL,NULL,NULL,NULL,NULL,NULL,NULL,NULL,NULL,NULL,NULL,0,NULL,NULL,NULL,NULL,NULL,1,1,261
150,NULL,150,English,Mrs.,Kadra,M,Ardaka,RHIT,3/19/1994,32,Female,40034 Dules Road,Marble falls,TX,78654,Travis County,,460-14-9188,899-387-4441,Medical records and health information technician,Married,0,Black,Not Hispanic or Latino,,standard,NULL,,KA-86F-1DB4C,0000-00-00 00:00:00,0000-00-00 00:00:00,None,USA,,,,,,,,,,,,,,,,,,,,,,,,,,,,,,,,,,,,,,0,,,,,,YES,,,,NULL,NULL,NULL,NULL,NO,NO,NO,NO,YES,NO,0,NULL,NO,NULL,NULL,NULL,0,NULL,NULL,NULL,NULL,NULL,NULL,NULL,NULL,NULL,NULL,NULL,NULL,NULL,NULL,NULL,NULL,NULL,NULL,NULL,NULL,NULL,NULL,NULL,0,NULL,NULL,NULL,NULL,NULL,1,1,235
151,NULL,151,English,Mr.,Gabelo,,Salazar, ,2/20/1955,71,Male,7505 Cantina Trail,Austin,TX,78744,Travis County,,394-22-3554,889-021-3115,Tilesetter,Married,0,Black,Hispanic or Latino,,standard,NULL,,GS-65M-C01B0,0000-00-00 00:00:00,0000-00-00 00:00:00,Christianity,USA,,,,,,,,,,,,,,,,,,,,,,,,,,,,,,,,,,,,,,0,,,,,,YES,,,,NULL,NULL,NULL,NULL,NO,NO,NO,NO,YES,NO,0,NULL,NO,NULL,NULL,NULL,0,NULL,NULL,NULL,NULL,NULL,NULL,NULL,NULL,NULL,NULL,NULL,NULL,NULL,NULL,NULL,NULL,NULL,NULL,NULL,NULL,NULL,NULL,NULL,0,NULL,NULL,NULL,NULL,NULL,1,1,93
152,NULL,152,English,Mrs.,Jeneth,,Treth, ,1/2/1934,92,Female,12711 Beatson Sq,Atascosa,TX,78002,Bexar County,,326-00-8329,681-944-6267,Merchandise distributor,Married,0,Asian,Not Hispanic or Latino,,standard,NULL,,JT-34F-A63ED,0000-00-00 00:00:00,0000-00-00 00:00:00,None,USA,,,,,,,,,,,,,,,,,,,,,,,,,,,,,,,,,,,,,,0,,,,,,YES,,,,NULL,NULL,NULL,NULL,NO,NO,NO,NO,YES,NO,0,NULL,NO,NULL,NULL,NULL,0,NULL,NULL,NULL,NULL,NULL,NULL,NULL,NULL,NULL,NULL,NULL,NULL,NULL,NULL,NULL,NULL,NULL,NULL,NULL,NULL,NULL,NULL,NULL,0,NULL,NULL,NULL,NULL,NULL,1,1,271
153,NULL,153,English,Mr.,Matthew,E,Jack, ,9/26/1975,51,Male,14491 Regalwood Way,San antonio,TX,78237,Bexar County,,549-09-9485,928-567-0831,Hydraulic and pneumatic technician,Single,0,White,Not Hispanic or Latino,,standard,NULL,,MJ-76M-75904,0000-00-00 00:00:00,0000-00-00 00:00:00,None,USA,,,,,,,,,,,,,,,,,,,,,,,,,,,,,,,,,,,,,,0,,,,,,YES,,,,NULL,NULL,NULL,NULL,NO,NO,NO,NO,YES,NO,0,NULL,NO,NULL,NULL,NULL,0,NULL,NULL,NULL,NULL,NULL,NULL,NULL,NULL,NULL,NULL,NULL,NULL,NULL,NULL,NULL,NULL,NULL,NULL,NULL,NULL,NULL,NULL,NULL,0,NULL,NULL,NULL,NULL,NULL,1,1,234
154,NULL,154,English,Mr.,Talon,C,Mousseau, ,8/4/1942,84,Male,99809 Oakpark Blvd,Austin,TX,78767,Travis County,,634-65-0503,835-420-2189,Weather forecaster,Widowed,0,White,Not Hispanic or Latino,,discount,NULL,,TM-36M-36F56,0000-00-00 00:00:00,0000-00-00 00:00:00,Judaism,USA,,,,,,,,,,,,,,,,,,,,,,,,,,,,,,,,,,,,,,0,,,,,,YES,,,,NULL,NULL,NULL,NULL,NO,NO,NO,NO,YES,NO,0,NULL,NO,NULL,NULL,NULL,0,NULL,NULL,NULL,NULL,NULL,NULL,NULL,NULL,NULL,NULL,NULL,NULL,NULL,NULL,NULL,NULL,NULL,NULL,NULL,NULL,NULL,NULL,NULL,0,NULL,NULL,NULL,NULL,NULL,1,1,56
155,NULL,155,English,Mrs.,Ginevra,S,Genovesi, ,9/22/1972,54,Female,99259 Elmsdale Dr,Austin,TX,78712,Travis County,,589-23-4079,969-896-6743,Audio control engineer,Married,0,White,Not Hispanic or Latino,,standard,NULL,,GG-36F-1C437,0000-00-00 00:00:00,0000-00-00 00:00:00,Judaism,USA,,,,,,,,,,,,,,,,,,,,,,,,,,,,,,,,,,,,,,0,,,,,,YES,,,,NULL,NULL,NULL,NULL,NO,NO,NO,NO,YES,NO,0,NULL,NO,NULL,NULL,NULL,0,NULL,NULL,NULL,NULL,NULL,NULL,NULL,NULL,NULL,NULL,NULL,NULL,NULL,NULL,NULL,NULL,NULL,NULL,NULL,NULL,NULL,NULL,NULL,0,NULL,NULL,NULL,NULL,NULL,1,1,93
156,NULL,156,English,Ms.,Dora,M,Manna, ,3/8/1980,46,Female,84441 Algoma Dr,New braunfels,TX,78130,Guadalupe County,,683-58-1011,435-768-6006,Dispatcher,Single,0,White,Not Hispanic or Latino,,discount,NULL,,DM-71F-E3D89,0000-00-00 00:00:00,0000-00-00 00:00:00,None,USA,,,,,,,,,,,,,,,,,,,,,,,,,,,,,,,,,,,,,,0,,,,,,YES,,,,NULL,NULL,NULL,NULL,NO,NO,NO,NO,YES,NO,0,NULL,NO,NULL,NULL,NULL,0,NULL,NULL,NULL,NULL,NULL,NULL,NULL,NULL,NULL,NULL,NULL,NULL,NULL,NULL,NULL,NULL,NULL,NULL,NULL,NULL,NULL,NULL,NULL,0,NULL,NULL,NULL,NULL,NULL,1,1,265
157,NULL,157,English,Mr.,Toby,C,Hinchcliffe, ,2/18/1945,81,Male,6531 Whiskey Cove St,Kyle,TX,78640,Hays County,,621-96-9542,439-291-5162,Administrative specialist,Divorced,0,White,Not Hispanic or Latino,,discount,NULL,,TH-41M-71762,0000-00-00 00:00:00,0000-00-00 00:00:00,Buddhism,USA,,,,,,,,,,,,,,,,,,,,,,,,,,,,,,,,,,,,,,0,,,,,,YES,,,,NULL,NULL,NULL,NULL,NO,NO,NO,NO,YES,NO,0,NULL,NO,NULL,NULL,NULL,0,NULL,NULL,NULL,NULL,NULL,NULL,NULL,NULL,NULL,NULL,NULL,NULL,NULL,NULL,NULL,NULL,NULL,NULL,NULL,NULL,NULL,NULL,NULL,0,NULL,NULL,NULL,NULL,NULL,1,1,202
158,NULL,158,English,Ms.,Jill,M,Jenkins, ,12/8/1948,78,Female,85185 Point View Boulevard,San antonio,TX,78242,Bexar County,,234-87-6835,202-199-4768,Meatcutter,Widowed,0,White,Not Hispanic or Latino,,standard,NULL,,JJ-56F-2CDED,0000-00-00 00:00:00,0000-00-00 00:00:00,None,USA,,,,,,,,,,,,,,,,,,,,,,,,,,,,,,,,,,,,,,0,,,,,,YES,,,,NULL,NULL,NULL,NULL,NO,NO,NO,NO,YES,NO,0,NULL,NO,NULL,NULL,NULL,0,NULL,NULL,NULL,NULL,NULL,NULL,NULL,NULL,NULL,NULL,NULL,NULL,NULL,NULL,NULL,NULL,NULL,NULL,NULL,NULL,NULL,NULL,NULL,0,NULL,NULL,NULL,NULL,NULL,1,1,188
159,NULL,159,English,Ms.,Donna,L,Arevalo, ,7/18/1977,49,Female,30892 Waitati Highway,La vernia,TX,78121,Guadalupe County,,737-63-1087,747-948-0956,Environmental engineering technician,Married,0,American Indian,Not Hispanic or Latino,,standard,NULL,,DA-28F-07A21,0000-00-00 00:00:00,0000-00-00 00:00:00,Judaism,USA,,,,,,,,,,,,,,,,,,,,,,,,,,,,,,,,,,,,,,0,,,,,,YES,,,,NULL,NULL,NULL,NULL,NO,NO,NO,NO,YES,NO,0,NULL,NO,NULL,NULL,NULL,0,NULL,NULL,NULL,NULL,NULL,NULL,NULL,NULL,NULL,NULL,NULL,NULL,NULL,NULL,NULL,NULL,NULL,NULL,NULL,NULL,NULL,NULL,NULL,0,NULL,NULL,NULL,NULL,NULL,1,1,35
160,NULL,160,English,Mr.,Tom,,Woods, ,7/3/1999,27,Male,12082 Houhere Grove,Austin,TX,78731,Travis County,,784-79-6878,432-768-9674,Gastroenterologist,Widowed,0,Asian,Hispanic or Latino,,discount,NULL,,TW-55M-25C7B,0000-00-00 00:00:00,0000-00-00 00:00:00,Christianity,USA,,,,,,,,,,,,,,,,,,,,,,,,,,,,,,,,,,,,,,0,,,,,,YES,,,,NULL,NULL,NULL,NULL,NO,NO,NO,NO,YES,NO,0,NULL,NO,NULL,NULL,NULL,0,NULL,NULL,NULL,NULL,NULL,NULL,NULL,NULL,NULL,NULL,NULL,NULL,NULL,NULL,NULL,NULL,NULL,NULL,NULL,NULL,NULL,NULL,NULL,0,NULL,NULL,NULL,NULL,NULL,1,1,120
161,NULL,161,English,Mr.,Ronald,F,Tilman, ,9/26/1926,100,Male,70964 Byblos Way,Austin,TX,78713,Travis County,,584-76-3986,586-183-3815,EEO representative,Married,0,Black,Hispanic or Latino,,standard,NULL,,RT-40M-44490,0000-00-00 00:00:00,0000-00-00 00:00:00,Islam,USA,,,,,,,,,,,,,,,,,,,,,,,,,,,,,,,,,,,,,,0,,,,,,YES,,,,NULL,NULL,NULL,NULL,NO,NO,NO,NO,YES,NO,0,NULL,NO,NULL,NULL,NULL,0,NULL,NULL,NULL,NULL,NULL,NULL,NULL,NULL,NULL,NULL,NULL,NULL,NULL,NULL,NULL,NULL,NULL,NULL,NULL,NULL,NULL,NULL,NULL,0,NULL,NULL,NULL,NULL,NULL,1,1,196
162,NULL,162,English,Ms.,Anja,S,Foerster, ,2/27/2008,18,Female,77601 Scotts Boulevard,San antonio,TX,78292,Bexar County,,362-83-9778,594-720-9830,Reinforcing iron and rebar worker,Married,0,Black,Not Hispanic or Latino,,standard,NULL,,AF-40F-53D1F,0000-00-00 00:00:00,0000-00-00 00:00:00,None,USA,,,,,,,,,,,,,,,,,,,,,,,,,,,,,,,,,,,,,,0,,,,,,YES,,,,NULL,NULL,NULL,NULL,NO,NO,NO,NO,YES,NO,0,NULL,NO,NULL,NULL,NULL,0,NULL,NULL,NULL,NULL,NULL,NULL,NULL,NULL,NULL,NULL,NULL,NULL,NULL,NULL,NULL,NULL,NULL,NULL,NULL,NULL,NULL,NULL,NULL,0,NULL,NULL,NULL,NULL,NULL,1,1,51
163,NULL,163,English,Mr.,Franco,C,Castaneda, ,10/9/1996,30,Male,21520 Dossiter Way,San antonio,TX,78247,Bexar County,,416-34-4479,798-160-5948,Water transportation mate,Single,0,White,Hispanic or Latino,,standard,NULL,,FC-96M-1029D,0000-00-00 00:00:00,0000-00-00 00:00:00,Judaism,USA,,,,,,,,,,,,,,,,,,,,,,,,,,,,,,,,,,,,,,0,,,,,,YES,,,,NULL,NULL,NULL,NULL,NO,NO,NO,NO,YES,NO,0,NULL,NO,NULL,NULL,NULL,0,NULL,NULL,NULL,NULL,NULL,NULL,NULL,NULL,NULL,NULL,NULL,NULL,NULL,NULL,NULL,NULL,NULL,NULL,NULL,NULL,NULL,NULL,NULL,0,NULL,NULL,NULL,NULL,NULL,1,1,176
164,NULL,164,English,Ms.,Lily,,Clayhanger,Sr.,12/6/1926,100,Female,36718 Prosford Sq,Nixon,TX,78140,Guadalupe County,,636-90-9201,902-631-2635,Payroll specialist,Divorced,0,Hawaiian or Pacific Islander,Hispanic or Latino,,standard,NULL,,LC-61F-273EE,0000-00-00 00:00:00,0000-00-00 00:00:00,Christianity,USA,,,,,,,,,,,,,,,,,,,,,,,,,,,,,,,,,,,,,,0,,,,,,YES,,,,NULL,NULL,NULL,NULL,NO,NO,NO,NO,YES,NO,0,NULL,NO,NULL,NULL,NULL,0,NULL,NULL,NULL,NULL,NULL,NULL,NULL,NULL,NULL,NULL,NULL,NULL,NULL,NULL,NULL,NULL,NULL,NULL,NULL,NULL,NULL,NULL,NULL,0,NULL,NULL,NULL,NULL,NULL,1,1,155
165,NULL,165,English,Prof.,Charlie,J,Salting,PhD,1/13/1964,62,Male,90708 Fern Glen Sq,San antonio,TX,78288,Bexar County,,175-88-9048,769-958-2305,Professor,Married,0,Asian,Not Hispanic or Latino,,standard,NULL,,CS-31M-A4C98,0000-00-00 00:00:00,0000-00-00 00:00:00,Christianity,USA,,,,,,,,,,,,,,,,,,,,,,,,,,,,,,,,,,,,,,0,,,,,,YES,,,,NULL,NULL,NULL,NULL,NO,NO,NO,NO,YES,NO,0,NULL,NO,NULL,NULL,NULL,0,NULL,NULL,NULL,NULL,NULL,NULL,NULL,NULL,NULL,NULL,NULL,NULL,NULL,NULL,NULL,NULL,NULL,NULL,NULL,NULL,NULL,NULL,NULL,0,NULL,NULL,NULL,NULL,NULL,1,1,221
166,NULL,166,English,Mrs.,Traci,R,Webster,PMP,1/22/1953,73,Female,10503 George Oliver St,San antonio,TX,78284,Bexar County,,850-32-6813,551-538-6416,Typesetting machine tender,Single,0,White,Not Hispanic or Latino,,discount,NULL,,TW-100F-CC116,0000-00-00 00:00:00,0000-00-00 00:00:00,Christianity,USA,,,,,,,,,,,,,,,,,,,,,,,,,,,,,,,,,,,,,,0,,,,,,YES,,,,NULL,NULL,NULL,NULL,NO,NO,NO,NO,YES,NO,0,NULL,NO,NULL,NULL,NULL,0,NULL,NULL,NULL,NULL,NULL,NULL,NULL,NULL,NULL,NULL,NULL,NULL,NULL,NULL,NULL,NULL,NULL,NULL,NULL,NULL,NULL,NULL,NULL,0,NULL,NULL,NULL,NULL,NULL,1,1,65
167,NULL,167,English,Ms.,Lucinda,J,Long,"PMP, CPC, MBA, MSPM, SCPM",11/15/1926,100,Female,46689 Jackson Drive,Mc queeney,TX,78123,Guadalupe County,,871-94-9966,497-181-7781,Molding  coremaking  and casting machine tender,Single,0,Black,Hispanic or Latino,,standard,NULL,,LL-31F-74A3D,0000-00-00 00:00:00,0000-00-00 00:00:00,Christianity,USA,,,,,,,,,,,,,,,,,,,,,,,,,,,,,,,,,,,,,,0,,,,,,YES,,,,NULL,NULL,NULL,NULL,NO,NO,NO,NO,YES,NO,0,NULL,NO,NULL,NULL,NULL,0,NULL,NULL,NULL,NULL,NULL,NULL,NULL,NULL,NULL,NULL,NULL,NULL,NULL,NULL,NULL,NULL,NULL,NULL,NULL,NULL,NULL,NULL,NULL,0,NULL,NULL,NULL,NULL,NULL,1,1,175
168,NULL,168,English,Mrs.,Maryam,J,Becnel, ,6/30/2004,22,Female,58527 Stillwater Grove,Kyle,TX,78640,Hays County,,471-14-9106,622-460-8458,Detective,Divorced,0,White,Not Hispanic or Latino,,discount,NULL,,MB-79F-A8988,0000-00-00 00:00:00,0000-00-00 00:00:00,Christianity,USA,,,,,,,,,,,,,,,,,,,,,,,,,,,,,,,,,,,,,,0,,,,,,YES,,,,NULL,NULL,NULL,NULL,NO,NO,NO,NO,YES,NO,0,NULL,NO,NULL,NULL,NULL,0,NULL,NULL,NULL,NULL,NULL,NULL,NULL,NULL,NULL,NULL,NULL,NULL,NULL,NULL,NULL,NULL,NULL,NULL,NULL,NULL,NULL,NULL,NULL,0,NULL,NULL,NULL,NULL,NULL,1,1,111
169,NULL,169,English,Mr.,Paul,,Gill, ,11/14/1980,46,Male,8065 Manga Circle,Austin,TX,78760,Travis County,,629-68-6798,640-180-8918,Groundskeeper,Single,0,Asian,Not Hispanic or Latino,,standard,NULL,,PG-88M-CB772,0000-00-00 00:00:00,0000-00-00 00:00:00,None,USA,,,,,,,,,,,,,,,,,,,,,,,,,,,,,,,,,,,,,,0,,,,,,YES,,,,NULL,NULL,NULL,NULL,NO,NO,NO,NO,YES,NO,0,NULL,NO,NULL,NULL,NULL,0,NULL,NULL,NULL,NULL,NULL,NULL,NULL,NULL,NULL,NULL,NULL,NULL,NULL,NULL,NULL,NULL,NULL,NULL,NULL,NULL,NULL,NULL,NULL,0,NULL,NULL,NULL,NULL,NULL,1,1,270
170,NULL,170,English,Ms.,Vera,B,Dixon, ,3/1/1993,33,Female,54916 Foster Way,Adkins,TX,78101,Bexar County,,510-75-3613,347-636-1686,Occupational health and safety technician,Divorced,0,Hawaiian or Pacific Islander,Not Hispanic or Latino,,standard,NULL,,VD-72F-3E209,0000-00-00 00:00:00,0000-00-00 00:00:00,Judaism,USA,,,,,,,,,,,,,,,,,,,,,,,,,,,,,,,,,,,,,,0,,,,,,YES,,,,NULL,NULL,NULL,NULL,NO,NO,NO,NO,YES,NO,0,NULL,NO,NULL,NULL,NULL,0,NULL,NULL,NULL,NULL,NULL,NULL,NULL,NULL,NULL,NULL,NULL,NULL,NULL,NULL,NULL,NULL,NULL,NULL,NULL,NULL,NULL,NULL,NULL,0,NULL,NULL,NULL,NULL,NULL,1,1,173
171,NULL,171,English,Mr.,Vilho,L,Pennanen,RHIT,12/15/1971,55,Male,64583 Hathaway Road,San marcos,TX,78666,Guadalupe County,,218-39-3574,634-278-1393,Hospital Data Analyst,Married,0,American Indian,Not Hispanic or Latino,,discount,NULL,,VP-54M-88ACE,0000-00-00 00:00:00,0000-00-00 00:00:00,Christianity,USA,,,,,,,,,,,,,,,,,,,,,,,,,,,,,,,,,,,,,,0,,,,,,YES,,,,NULL,NULL,NULL,NULL,NO,NO,NO,NO,YES,NO,0,NULL,NO,NULL,NULL,NULL,0,NULL,NULL,NULL,NULL,NULL,NULL,NULL,NULL,NULL,NULL,NULL,NULL,NULL,NULL,NULL,NULL,NULL,NULL,NULL,NULL,NULL,NULL,NULL,0,NULL,NULL,NULL,NULL,NULL,1,1,299
172,NULL,172,English,,Santos,J,Angel, ,9/19/1933,93,Male,3486 Puruatanga Loop,Austin,TX,78724,Travis County,,431-76-0273,323-088-3009,Customer service representative,Single,0,Black,Not Hispanic or Latino,,standard,NULL,,SA-24M-B42A1,0000-00-00 00:00:00,0000-00-00 00:00:00,Christianity,USA,,,,,,,,,,,,,,,,,,,,,,,,,,,,,,,,,,,,,,0,,,,,,YES,,,,NULL,NULL,NULL,NULL,NO,NO,NO,NO,YES,NO,0,NULL,NO,NULL,NULL,NULL,0,NULL,NULL,NULL,NULL,NULL,NULL,NULL,NULL,NULL,NULL,NULL,NULL,NULL,NULL,NULL,NULL,NULL,NULL,NULL,NULL,NULL,NULL,NULL,0,NULL,NULL,NULL,NULL,NULL,1,1,132
173,NULL,173,English,Mr.,Rkana,T,Kardis, ,6/26/1994,32,Male,9318 Congreve Avenue,Austin,TX,78736,Hays County,,799-59-5563,675-943-6341,Occupational health and safety technician,Divorced,0,Hawaiian or Pacific Islander,Not Hispanic or Latino,,standard,NULL,,RK-50M-0D55E,0000-00-00 00:00:00,0000-00-00 00:00:00,Islam,USA,,,,,,,,,,,,,,,,,,,,,,,,,,,,,,,,,,,,,,0,,,,,,YES,,,,NULL,NULL,NULL,NULL,NO,NO,NO,NO,YES,NO,0,NULL,NO,NULL,NULL,NULL,0,NULL,NULL,NULL,NULL,NULL,NULL,NULL,NULL,NULL,NULL,NULL,NULL,NULL,NULL,NULL,NULL,NULL,NULL,NULL,NULL,NULL,NULL,NULL,0,NULL,NULL,NULL,NULL,NULL,1,1,278
174,NULL,174,English,Mr.,Andelko,B,Galic, ,1/20/1946,80,Male,26143 Manderson Cove,Pflugerville,TX,78660,Travis County,,361-05-3651,740-218-1298,Electrical drafter,Single,0,White,Not Hispanic or Latino,,standard,NULL,,AG-93M-D647D,0000-00-00 00:00:00,0000-00-00 00:00:00,None,USA,,,,,,,,,,,,,,,,,,,,,,,,,,,,,,,,,,,,,,0,,,,,,YES,,,,NULL,NULL,NULL,NULL,NO,NO,NO,NO,YES,NO,0,NULL,NO,NULL,NULL,NULL,0,NULL,NULL,NULL,NULL,NULL,NULL,NULL,NULL,NULL,NULL,NULL,NULL,NULL,NULL,NULL,NULL,NULL,NULL,NULL,NULL,NULL,NULL,NULL,0,NULL,NULL,NULL,NULL,NULL,1,1,149
175,NULL,175,English,Mr.,Hildigrim,C,Brockhouse, ,3/28/1968,58,Male,84816 Tolmie Blvd,Austin,TX,78724,Travis County,,664-80-7551,647-514-5969,Aircraft pilot,Divorced,0,White,Not Hispanic or Latino,,discount,NULL,,HB-59M-A273A,0000-00-00 00:00:00,0000-00-00 00:00:00,None,USA,,,,,,,,,,,,,,,,,,,,,,,,,,,,,,,,,,,,,,0,,,,,,YES,,,,NULL,NULL,NULL,NULL,NO,NO,NO,NO,YES,NO,0,NULL,NO,NULL,NULL,NULL,0,NULL,NULL,NULL,NULL,NULL,NULL,NULL,NULL,NULL,NULL,NULL,NULL,NULL,NULL,NULL,NULL,NULL,NULL,NULL,NULL,NULL,NULL,NULL,0,NULL,NULL,NULL,NULL,NULL,1,1,153
176,NULL,176,English,Ms.,Mikashifutamoto,,AkiyoshiMatsubara, ,4/27/1938,88,Female,74640 Quiet Valley Lane,Taylor,TX,76574,Travis County,,503-34-1499,241-732-6599,Counter and rental clerk,Married,0,Black,Not Hispanic or Latino,,discount,NULL,,MA-81F-BD9FD,0000-00-00 00:00:00,0000-00-00 00:00:00,Christianity,USA,,,,,,,,,,,,,,,,,,,,,,,,,,,,,,,,,,,,,,0,,,,,,YES,,,,NULL,NULL,NULL,NULL,NO,NO,NO,NO,YES,NO,0,NULL,NO,NULL,NULL,NULL,0,NULL,NULL,NULL,NULL,NULL,NULL,NULL,NULL,NULL,NULL,NULL,NULL,NULL,NULL,NULL,NULL,NULL,NULL,NULL,NULL,NULL,NULL,NULL,0,NULL,NULL,NULL,NULL,NULL,1,1,289
177,NULL,177,English,Mr.,Dean,,Maxwell, ,1/21/1975,51,Male,13286 Stable Alley,New braunfels,TX,78132,Guadalupe County,,661-37-4495,455-251-3082,Administrative supervisor,Married,0,White,Not Hispanic or Latino,,standard,NULL,,DM-69M-503BF,0000-00-00 00:00:00,0000-00-00 00:00:00,None,USA,,,,,,,,,,,,,,,,,,,,,,,,,,,,,,,,,,,,,,0,,,,,,YES,,,,NULL,NULL,NULL,NULL,NO,NO,NO,NO,YES,NO,0,NULL,NO,NULL,NULL,NULL,0,NULL,NULL,NULL,NULL,NULL,NULL,NULL,NULL,NULL,NULL,NULL,NULL,NULL,NULL,NULL,NULL,NULL,NULL,NULL,NULL,NULL,NULL,NULL,0,NULL,NULL,NULL,NULL,NULL,1,1,145
178,NULL,178,English,Mr.,Patrik,R,Somogyi, ,12/24/1971,55,Male,81868 Ridgeway Dr,Austin,TX,78712,Travis County,,613-56-8122,612-848-0124,Log debarker,Married,0,White,Not Hispanic or Latino,,discount,NULL,,PS-32M-401FD,0000-00-00 00:00:00,0000-00-00 00:00:00,Judaism,USA,,,,,,,,,,,,,,,,,,,,,,,,,,,,,,,,,,,,,,0,,,,,,YES,,,,NULL,NULL,NULL,NULL,NO,NO,NO,NO,YES,NO,0,NULL,NO,NULL,NULL,NULL,0,NULL,NULL,NULL,NULL,NULL,NULL,NULL,NULL,NULL,NULL,NULL,NULL,NULL,NULL,NULL,NULL,NULL,NULL,NULL,NULL,NULL,NULL,NULL,0,NULL,NULL,NULL,NULL,NULL,1,1,99
179,NULL,179,English,Dr.,Marie,M,Corley,M.D.,12/10/1937,89,Female,72275 Ledger Square,Austin,TX,78759,Travis County,,545-62-0168,406-137-5409,Optometrist,Single,0,Black,Not Hispanic or Latino,,standard,NULL,,MC-49F-75155,0000-00-00 00:00:00,0000-00-00 00:00:00,None,USA,,,,,,,,,,,,,,,,,,,,,,,,,,,,,,,,,,,,,,0,,,,,,YES,,,,NULL,NULL,NULL,NULL,NO,NO,NO,NO,YES,NO,0,NULL,NO,NULL,NULL,NULL,0,NULL,NULL,NULL,NULL,NULL,NULL,NULL,NULL,NULL,NULL,NULL,NULL,NULL,NULL,NULL,NULL,NULL,NULL,NULL,NULL,NULL,NULL,NULL,0,NULL,NULL,NULL,NULL,NULL,1,1,30
180,NULL,180,English,Ms.,Leanna,O,Gamez, ,6/10/1990,36,Female,20600 Mountbatten Way,Cibolo,TX,78108,Bexar County,,241-65-6313,950-740-8655,Linemen,Divorced,0,American Indian,Hispanic or Latino,,discount,NULL,,LG-26F-65C1F,0000-00-00 00:00:00,0000-00-00 00:00:00,None,USA,,,,,,,,,,,,,,,,,,,,,,,,,,,,,,,,,,,,,,0,,,,,,YES,,,,NULL,NULL,NULL,NULL,NO,NO,NO,NO,YES,NO,0,NULL,NO,NULL,NULL,NULL,0,NULL,NULL,NULL,NULL,NULL,NULL,NULL,NULL,NULL,NULL,NULL,NULL,NULL,NULL,NULL,NULL,NULL,NULL,NULL,NULL,NULL,NULL,NULL,0,NULL,NULL,NULL,NULL,NULL,1,1,93
181,NULL,181,English,Mr.,Paien,,Senneville, ,12/9/1963,63,Male,53104 Doyle Sq,Austin,TX,78759,Travis County,,466-43-1979,420-616-7761,Lobbyist,Single,0,Black,Not Hispanic or Latino,,standard,NULL,,PS-79M-9A98F,0000-00-00 00:00:00,0000-00-00 00:00:00,None,USA,,,,,,,,,,,,,,,,,,,,,,,,,,,,,,,,,,,,,,0,,,,,,YES,,,,NULL,NULL,NULL,NULL,NO,NO,NO,NO,YES,NO,0,NULL,NO,NULL,NULL,NULL,0,NULL,NULL,NULL,NULL,NULL,NULL,NULL,NULL,NULL,NULL,NULL,NULL,NULL,NULL,NULL,NULL,NULL,NULL,NULL,NULL,NULL,NULL,NULL,0,NULL,NULL,NULL,NULL,NULL,1,1,78
182,NULL,182,English,Mr.,Chieloka,T,Nnachetam, ,9/16/1942,84,Male,90754 Lanark Lane,Wimberley,TX,78676,Hays County,,268-23-6996,821-089-0655,Office aide,Married,0,White,Not Hispanic or Latino,,standard,NULL,,CN-77M-E9EF2,0000-00-00 00:00:00,0000-00-00 00:00:00,Buddhism,USA,,,,,,,,,,,,,,,,,,,,,,,,,,,,,,,,,,,,,,0,,,,,,YES,,,,NULL,NULL,NULL,NULL,NO,NO,NO,NO,YES,NO,0,NULL,NO,NULL,NULL,NULL,0,NULL,NULL,NULL,NULL,NULL,NULL,NULL,NULL,NULL,NULL,NULL,NULL,NULL,NULL,NULL,NULL,NULL,NULL,NULL,NULL,NULL,NULL,NULL,0,NULL,NULL,NULL,NULL,NULL,1,1,78
183,NULL,183,English,Ms.,Annabelle,J,Bromham, ,12/11/1956,70,Female,42536 Selby Pkwy,San marcos,TX,78667,Hays County,,273-40-7193,383-763-2206,Dental laboratory technician,Divorced,0,American Indian,Not Hispanic or Latino,,discount,NULL,,AB-93F-06058,0000-00-00 00:00:00,0000-00-00 00:00:00,Islam,USA,,,,,,,,,,,,,,,,,,,,,,,,,,,,,,,,,,,,,,0,,,,,,YES,,,,NULL,NULL,NULL,NULL,NO,NO,NO,NO,YES,NO,0,NULL,NO,NULL,NULL,NULL,0,NULL,NULL,NULL,NULL,NULL,NULL,NULL,NULL,NULL,NULL,NULL,NULL,NULL,NULL,NULL,NULL,NULL,NULL,NULL,NULL,NULL,NULL,NULL,0,NULL,NULL,NULL,NULL,NULL,1,1,128
184,NULL,184,English,Mr.,Marcello,N,Russo, ,3/13/1936,90,Male,71288 Kenwood Rd,Austin,TX,78752,Travis County,,103-13-4539,856-558-0874,Production assistant,Married,0,White,Hispanic or Latino,,discount,NULL,,MR-29M-C9356,0000-00-00 00:00:00,0000-00-00 00:00:00,Judaism,USA,,,,,,,,,,,,,,,,,,,,,,,,,,,,,,,,,,,,,,0,,,,,,YES,,,,NULL,NULL,NULL,NULL,NO,NO,NO,NO,YES,NO,0,NULL,NO,NULL,NULL,NULL,0,NULL,NULL,NULL,NULL,NULL,NULL,NULL,NULL,NULL,NULL,NULL,NULL,NULL,NULL,NULL,NULL,NULL,NULL,NULL,NULL,NULL,NULL,NULL,0,NULL,NULL,NULL,NULL,NULL,1,1,105
185,NULL,185,English,Mr.,Patrick,K,Lerch, ,3/22/1952,74,Male,79702 Birdie Court,Austin,TX,78752,Travis County,,201-65-8977,254-886-5247,County court judge,Married,0,White,Not Hispanic or Latino,,standard,NULL,,PL-94M-A3128,0000-00-00 00:00:00,0000-00-00 00:00:00,Judaism,USA,,,,,,,,,,,,,,,,,,,,,,,,,,,,,,,,,,,,,,0,,,,,,YES,,,,NULL,NULL,NULL,NULL,NO,NO,NO,NO,YES,NO,0,NULL,NO,NULL,NULL,NULL,0,NULL,NULL,NULL,NULL,NULL,NULL,NULL,NULL,NULL,NULL,NULL,NULL,NULL,NULL,NULL,NULL,NULL,NULL,NULL,NULL,NULL,NULL,NULL,0,NULL,NULL,NULL,NULL,NULL,1,1,111
186,NULL,186,English,,Mewael,M,Amanuel, ,3/31/1988,38,Male,67192 Paterson Way,San antonio,TX,78248,Bexar County,,235-35-8114,497-847-5506,Asbestos abatement worker,Divorced,0,Asian,Not Hispanic or Latino,,standard,NULL,,MA-25M-8471D,0000-00-00 00:00:00,0000-00-00 00:00:00,Buddhism,USA,,,,,,,,,,,,,,,,,,,,,,,,,,,,,,,,,,,,,,0,,,,,,YES,,,,NULL,NULL,NULL,NULL,NO,NO,NO,NO,YES,NO,0,NULL,NO,NULL,NULL,NULL,0,NULL,NULL,NULL,NULL,NULL,NULL,NULL,NULL,NULL,NULL,NULL,NULL,NULL,NULL,NULL,NULL,NULL,NULL,NULL,NULL,NULL,NULL,NULL,0,NULL,NULL,NULL,NULL,NULL,1,1,209
187,NULL,187,English,Prof.,Hildigrim,B,Goldworthy,PhD,8/2/1970,56,Male,36883 Matipo Dr,Round rock,TX,78664,Travis County,,133-05-4667,720-749-4528,Professor,Single,0,American Indian,Hispanic or Latino,,discount,NULL,,HG-61M-D5D73,0000-00-00 00:00:00,0000-00-00 00:00:00,Judaism,USA,,,,,,,,,,,,,,,,,,,,,,,,,,,,,,,,,,,,,,0,,,,,,YES,,,,NULL,NULL,NULL,NULL,NO,NO,NO,NO,YES,NO,0,NULL,NO,NULL,NULL,NULL,0,NULL,NULL,NULL,NULL,NULL,NULL,NULL,NULL,NULL,NULL,NULL,NULL,NULL,NULL,NULL,NULL,NULL,NULL,NULL,NULL,NULL,NULL,NULL,0,NULL,NULL,NULL,NULL,NULL,1,1,141
188,NULL,188,English,Ms.,Mariana,,Goncalves, ,5/7/1977,49,Female,21724 Hinemoa Point Ct,Round rock,TX,78664,Travis County,,872-17-7040,971-620-2863,Travel consultant,Divorced,0,Black,Hispanic or Latino,,discount,NULL,,MG-93F-E4FE7,0000-00-00 00:00:00,0000-00-00 00:00:00,Christianity,USA,,,,,,,,,,,,,,,,,,,,,,,,,,,,,,,,,,,,,,0,,,,,,YES,,,,NULL,NULL,NULL,NULL,NO,NO,NO,NO,YES,NO,0,NULL,NO,NULL,NULL,NULL,0,NULL,NULL,NULL,NULL,NULL,NULL,NULL,NULL,NULL,NULL,NULL,NULL,NULL,NULL,NULL,NULL,NULL,NULL,NULL,NULL,NULL,NULL,NULL,0,NULL,NULL,NULL,NULL,NULL,1,1,50
189,NULL,189,English,Dr.,Yumeji,Y,Sonoda,M.D.,10/24/1957,69,Female,85678 Redesdale Square,Austin,TX,78709,Travis County,,738-76-4457,481-315-7897,Physiologist,Single,0,American Indian,Hispanic or Latino,,discount,NULL,,YS-46F-AEC7D,0000-00-00 00:00:00,0000-00-00 00:00:00,Christianity,USA,,,,,,,,,,,,,,,,,,,,,,,,,,,,,,,,,,,,,,0,,,,,,YES,,,,NULL,NULL,NULL,NULL,NO,NO,NO,NO,YES,NO,0,NULL,NO,NULL,NULL,NULL,0,NULL,NULL,NULL,NULL,NULL,NULL,NULL,NULL,NULL,NULL,NULL,NULL,NULL,NULL,NULL,NULL,NULL,NULL,NULL,NULL,NULL,NULL,NULL,0,NULL,NULL,NULL,NULL,NULL,1,1,70
190,NULL,190,English,Ms.,June,,Franklin, ,1/1/1964,62,Female,76574 Winger Court,Blanco,TX,78606,Hays County,,662-49-1878,674-949-3339,Dispensing optician,Married,0,White,Hispanic or Latino,,standard,NULL,,JF-48F-4BFA3,0000-00-00 00:00:00,0000-00-00 00:00:00,Christianity,USA,,,,,,,,,,,,,,,,,,,,,,,,,,,,,,,,,,,,,,0,,,,,,YES,,,,NULL,NULL,NULL,NULL,NO,NO,NO,NO,YES,NO,0,NULL,NO,NULL,NULL,NULL,0,NULL,NULL,NULL,NULL,NULL,NULL,NULL,NULL,NULL,NULL,NULL,NULL,NULL,NULL,NULL,NULL,NULL,NULL,NULL,NULL,NULL,NULL,NULL,0,NULL,NULL,NULL,NULL,NULL,1,1,167
191,NULL,191,English,Mr.,Larry,L,Bennett, ,4/6/1968,58,Male,76901 Alvarez Pkwy,San antonio,TX,78223,Bexar County,,821-42-9454,550-441-4857,Clothing designer,Single,0,White,Hispanic or Latino,,standard,NULL,,LB-37M-F3FD2,0000-00-00 00:00:00,0000-00-00 00:00:00,Buddhism,USA,,,,,,,,,,,,,,,,,,,,,,,,,,,,,,,,,,,,,,0,,,,,,YES,,,,NULL,NULL,NULL,NULL,NO,NO,NO,NO,YES,NO,0,NULL,NO,NULL,NULL,NULL,0,NULL,NULL,NULL,NULL,NULL,NULL,NULL,NULL,NULL,NULL,NULL,NULL,NULL,NULL,NULL,NULL,NULL,NULL,NULL,NULL,NULL,NULL,NULL,0,NULL,NULL,NULL,NULL,NULL,1,1,56
192,NULL,192,English,Mr.,Brodie,E,Leist, ,4/27/1954,72,Male,79204 Pritchard Ave,San marcos,TX,78667,Hays County,,559-41-8100,267-441-9505,Grader operator,Single,0,Black,Not Hispanic or Latino,,standard,NULL,,BL-67M-925B6,0000-00-00 00:00:00,0000-00-00 00:00:00,Christianity,USA,,,,,,,,,,,,,,,,,,,,,,,,,,,,,,,,,,,,,,0,,,,,,YES,,,,NULL,NULL,NULL,NULL,NO,NO,NO,NO,YES,NO,0,NULL,NO,NULL,NULL,NULL,0,NULL,NULL,NULL,NULL,NULL,NULL,NULL,NULL,NULL,NULL,NULL,NULL,NULL,NULL,NULL,NULL,NULL,NULL,NULL,NULL,NULL,NULL,NULL,0,NULL,NULL,NULL,NULL,NULL,1,1,291
193,NULL,193,English,Hon.,Matilda,S,Menge, ,1/22/1942,84,Female,26511 Summerhays Road,Saint hedwig,TX,78152,Bexar County,,160-41-5389,345-880-1831,Agricultural laborer,Married,0,Asian,Not Hispanic or Latino,,discount,NULL,,MM-29F-899B1,0000-00-00 00:00:00,0000-00-00 00:00:00,Islam,USA,,,,,,,,,,,,,,,,,,,,,,,,,,,,,,,,,,,,,,0,,,,,,YES,,,,NULL,NULL,NULL,NULL,NO,NO,NO,NO,YES,NO,0,NULL,NO,NULL,NULL,NULL,0,NULL,NULL,NULL,NULL,NULL,NULL,NULL,NULL,NULL,NULL,NULL,NULL,NULL,NULL,NULL,NULL,NULL,NULL,NULL,NULL,NULL,NULL,NULL,0,NULL,NULL,NULL,NULL,NULL,1,1,172
194,NULL,194,English,Prof.,Sophia,I,McIntosh,PhD,10/16/1933,93,Female,80127 Willowcreek Road,Bastrop,TX,78602,Bastrop County,,741-81-4178,987-904-5715,Professor,Divorced,0,Black,Not Hispanic or Latino,,standard,NULL,,SM-89F-8A0CF,0000-00-00 00:00:00,0000-00-00 00:00:00,Christianity,USA,,,,,,,,,,,,,,,,,,,,,,,,,,,,,,,,,,,,,,0,,,,,,YES,,,,NULL,NULL,NULL,NULL,NO,NO,NO,NO,YES,NO,0,NULL,NO,NULL,NULL,NULL,0,NULL,NULL,NULL,NULL,NULL,NULL,NULL,NULL,NULL,NULL,NULL,NULL,NULL,NULL,NULL,NULL,NULL,NULL,NULL,NULL,NULL,NULL,NULL,0,NULL,NULL,NULL,NULL,NULL,1,1,229
195,NULL,195,English,,Sarah,T,Glennon, ,8/12/1968,58,Female,3486 Baltersan Circle,Austin,TX,73301,Travis County,,651-92-6753,527-089-0326,Packager,Married,0,White,Not Hispanic or Latino,,standard,NULL,,SG-22F-13E45,0000-00-00 00:00:00,0000-00-00 00:00:00,None,USA,,,,,,,,,,,,,,,,,,,,,,,,,,,,,,,,,,,,,,0,,,,,,YES,,,,NULL,NULL,NULL,NULL,NO,NO,NO,NO,YES,NO,0,NULL,NO,NULL,NULL,NULL,0,NULL,NULL,NULL,NULL,NULL,NULL,NULL,NULL,NULL,NULL,NULL,NULL,NULL,NULL,NULL,NULL,NULL,NULL,NULL,NULL,NULL,NULL,NULL,0,NULL,NULL,NULL,NULL,NULL,1,1,58
196,NULL,196,English,Mrs.,Srebrenka,K,Duvnjak, ,3/17/1942,84,Female,68502 Trinity Sq,San marcos,TX,78667,Hays County,,842-51-4036,906-803-0133,Extruding  forming  pressing  and compacting machine setter,Divorced,0,Asian,Not Hispanic or Latino,,standard,NULL,,SD-66F-53AD5,0000-00-00 00:00:00,0000-00-00 00:00:00,Islam,USA,,,,,,,,,,,,,,,,,,,,,,,,,,,,,,,,,,,,,,0,,,,,,YES,,,,NULL,NULL,NULL,NULL,NO,NO,NO,NO,YES,NO,0,NULL,NO,NULL,NULL,NULL,0,NULL,NULL,NULL,NULL,NULL,NULL,NULL,NULL,NULL,NULL,NULL,NULL,NULL,NULL,NULL,NULL,NULL,NULL,NULL,NULL,NULL,NULL,NULL,0,NULL,NULL,NULL,NULL,NULL,1,1,116
197,NULL,197,English,Ms.,Kristin,W,Sheets, ,7/6/2005,21,Female,38237 Millicent Pkwy,Austin,TX,78732,Travis County,,602-68-1567,674-002-3318,Epidemiologist,Single,0,Asian,Not Hispanic or Latino,,standard,NULL,,KS-38F-0092F,0000-00-00 00:00:00,0000-00-00 00:00:00,None,USA,,,,,,,,,,,,,,,,,,,,,,,,,,,,,,,,,,,,,,0,,,,,,YES,,,,NULL,NULL,NULL,NULL,NO,NO,NO,NO,YES,NO,0,NULL,NO,NULL,NULL,NULL,0,NULL,NULL,NULL,NULL,NULL,NULL,NULL,NULL,NULL,NULL,NULL,NULL,NULL,NULL,NULL,NULL,NULL,NULL,NULL,NULL,NULL,NULL,NULL,0,NULL,NULL,NULL,NULL,NULL,1,1,107
198,NULL,198,English,Mrs.,Chloe,A,Almaraz, ,9/7/1960,66,Female,91412 King George Square,San antonio,TX,78240,Bexar County,,313-53-6603,809-540-9744,Home appliance repairer,Single,0,Black,Hispanic or Latino,,standard,NULL,,CA-44F-A6877,0000-00-00 00:00:00,0000-00-00 00:00:00,Christianity,USA,,,,,,,,,,,,,,,,,,,,,,,,,,,,,,,,,,,,,,0,,,,,,YES,,,,NULL,NULL,NULL,NULL,NO,NO,NO,NO,YES,NO,0,NULL,NO,NULL,NULL,NULL,0,NULL,NULL,NULL,NULL,NULL,NULL,NULL,NULL,NULL,NULL,NULL,NULL,NULL,NULL,NULL,NULL,NULL,NULL,NULL,NULL,NULL,NULL,NULL,0,NULL,NULL,NULL,NULL,NULL,1,1,157
199,NULL,199,English,Mr.,Alaudin,Z,Vedzizhev,RHIT,1/26/2002,24,Male,31818 Langley Hwy,Austin,TX,78768,Travis County,,764-27-8595,925-364-0254,Health information manager,Married,0,Black,Not Hispanic or Latino,,standard,NULL,,AV-36M-72F7F,0000-00-00 00:00:00,0000-00-00 00:00:00,Islam,USA,,,,,,,,,,,,,,,,,,,,,,,,,,,,,,,,,,,,,,0,,,,,,YES,,,,NULL,NULL,NULL,NULL,NO,NO,NO,NO,YES,NO,0,NULL,NO,NULL,NULL,NULL,0,NULL,NULL,NULL,NULL,NULL,NULL,NULL,NULL,NULL,NULL,NULL,NULL,NULL,NULL,NULL,NULL,NULL,NULL,NULL,NULL,NULL,NULL,NULL,0,NULL,NULL,NULL,NULL,NULL,1,1,163
200,NULL,200,English,Mrs.,Nadine,,Frey, ,11/23/2006,20,Female,10518 Fitzpatrick Ln,San marcos,TX,78666,Guadalupe County,,397-55-0769,430-327-8891,Tool grinder,Single,0,Asian,Not Hispanic or Latino,,standard,NULL,,NF-52F-176E9,0000-00-00 00:00:00,0000-00-00 00:00:00,Buddhism,USA,,,,,,,,,,,,,,,,,,,,,,,,,,,,,,,,,,,,,,0,,,,,,YES,,,,NULL,NULL,NULL,NULL,NO,NO,NO,NO,YES,NO,0,NULL,NO,NULL,NULL,NULL,0,NULL,NULL,NULL,NULL,NULL,NULL,NULL,NULL,NULL,NULL,NULL,NULL,NULL,NULL,NULL,NULL,NULL,NULL,NULL,NULL,NULL,NULL,NULL,0,NULL,NULL,NULL,NULL,NULL,1,1,43
201,NULL,201,English,Ms.,Luz,D,Vasquez, ,4/30/1969,57,Female,36231 Ritter Parkway,Manchaca,TX,78652,Hays County,,800-62-8368,517-344-9385,Training assistant,Married,0,Hawaiian or Pacific Islander,Not Hispanic or Latino,,standard,NULL,,LV-28F-69553,0000-00-00 00:00:00,0000-00-00 00:00:00,Christianity,USA,,,,,,,,,,,,,,,,,,,,,,,,,,,,,,,,,,,,,,0,,,,,,YES,,,,NULL,NULL,NULL,NULL,NO,NO,NO,NO,YES,NO,0,NULL,NO,NULL,NULL,NULL,0,NULL,NULL,NULL,NULL,NULL,NULL,NULL,NULL,NULL,NULL,NULL,NULL,NULL,NULL,NULL,NULL,NULL,NULL,NULL,NULL,NULL,NULL,NULL,0,NULL,NULL,NULL,NULL,NULL,1,1,239
202,NULL,202,English,Dr.,Daphine,M,Merritt,M.D.,1/2/2003,23,Female,41743 Niblick Alley,San antonio,TX,78254,Bexar County,,129-54-7774,307-255-8277,General practitioner,Divorced,0,Black,Hispanic or Latino,,standard,NULL,,DM-25F-E32EF,0000-00-00 00:00:00,0000-00-00 00:00:00,Buddhism,USA,,,,,,,,,,,,,,,,,,,,,,,,,,,,,,,,,,,,,,0,,,,,,YES,,,,NULL,NULL,NULL,NULL,NO,NO,NO,NO,YES,NO,0,NULL,NO,NULL,NULL,NULL,0,NULL,NULL,NULL,NULL,NULL,NULL,NULL,NULL,NULL,NULL,NULL,NULL,NULL,NULL,NULL,NULL,NULL,NULL,NULL,NULL,NULL,NULL,NULL,0,NULL,NULL,NULL,NULL,NULL,1,1,223
203,NULL,203,English,Mrs.,Rafaela,G,Covarrubias, ,4/24/1980,46,Female,92460 Oruanui Grove,Austin,TX,78756,Travis County,,723-71-4177,661-024-0536,Courtesy van driver,Married,0,White,Not Hispanic or Latino,,standard,NULL,,RC-70F-6BF1D,0000-00-00 00:00:00,0000-00-00 00:00:00,Buddhism,USA,,,,,,,,,,,,,,,,,,,,,,,,,,,,,,,,,,,,,,0,,,,,,YES,,,,NULL,NULL,NULL,NULL,NO,NO,NO,NO,YES,NO,0,NULL,NO,NULL,NULL,NULL,0,NULL,NULL,NULL,NULL,NULL,NULL,NULL,NULL,NULL,NULL,NULL,NULL,NULL,NULL,NULL,NULL,NULL,NULL,NULL,NULL,NULL,NULL,NULL,0,NULL,NULL,NULL,NULL,NULL,1,1,99
204,NULL,204,English,Prof.,Lola,Z,Lutwyche,PhD,8/31/1982,44,Female,31587 Derek Crescent,Austin,TX,78729,Travis County,,313-72-9383,901-557-6323,Professor,Divorced,0,White,Not Hispanic or Latino,,standard,NULL,,LL-63F-7FB03,0000-00-00 00:00:00,0000-00-00 00:00:00,None,USA,,,,,,,,,,,,,,,,,,,,,,,,,,,,,,,,,,,,,,0,,,,,,YES,,,,NULL,NULL,NULL,NULL,NO,NO,NO,NO,YES,NO,0,NULL,NO,NULL,NULL,NULL,0,NULL,NULL,NULL,NULL,NULL,NULL,NULL,NULL,NULL,NULL,NULL,NULL,NULL,NULL,NULL,NULL,NULL,NULL,NULL,NULL,NULL,NULL,NULL,0,NULL,NULL,NULL,NULL,NULL,1,1,69
205,NULL,205,English,Mr.,Kakeru,M,Nagashima, ,11/16/1967,59,Male,9256 BroadDr Cove,Austin,TX,78757,Travis County,,700-40-0287,373-797-8939,Assistant principal,Married,0,Asian,Hispanic or Latino,,standard,NULL,,KN-60M-0FA01,0000-00-00 00:00:00,0000-00-00 00:00:00,Christianity,USA,,,,,,,,,,,,,,,,,,,,,,,,,,,,,,,,,,,,,,0,,,,,,YES,,,,NULL,NULL,NULL,NULL,NO,NO,NO,NO,YES,NO,0,NULL,NO,NULL,NULL,NULL,0,NULL,NULL,NULL,NULL,NULL,NULL,NULL,NULL,NULL,NULL,NULL,NULL,NULL,NULL,NULL,NULL,NULL,NULL,NULL,NULL,NULL,NULL,NULL,0,NULL,NULL,NULL,NULL,NULL,1,1,286
206,NULL,206,English,,Brian,B,Beamon, ,12/17/1989,37,Male,19806 Rowes Dr,Del valle,TX,78617,Bastrop County,,572-80-8881,469-980-4268,Food and beverage serving and related worker,Married,0,Hawaiian or Pacific Islander,Not Hispanic or Latino,,standard,NULL,,BB-23M-E1924,0000-00-00 00:00:00,0000-00-00 00:00:00,None,USA,,,,,,,,,,,,,,,,,,,,,,,,,,,,,,,,,,,,,,0,,,,,,YES,,,,NULL,NULL,NULL,NULL,NO,NO,NO,NO,YES,NO,0,NULL,NO,NULL,NULL,NULL,0,NULL,NULL,NULL,NULL,NULL,NULL,NULL,NULL,NULL,NULL,NULL,NULL,NULL,NULL,NULL,NULL,NULL,NULL,NULL,NULL,NULL,NULL,NULL,0,NULL,NULL,NULL,NULL,NULL,1,1,113
207,NULL,207,English,Mr.,John,C,Lindenberg, ,11/5/1947,79,Male,29375 Railway Square,San antonio,TX,78278,Bexar County,,684-61-9453,460-275-6855,Occupational health nurse,Divorced,0,Hawaiian or Pacific Islander,Not Hispanic or Latino,,standard,NULL,,JL-37M-29F66,0000-00-00 00:00:00,0000-00-00 00:00:00,Christianity,USA,,,,,,,,,,,,,,,,,,,,,,,,,,,,,,,,,,,,,,0,,,,,,YES,,,,NULL,NULL,NULL,NULL,NO,NO,NO,NO,YES,NO,0,NULL,NO,NULL,NULL,NULL,0,NULL,NULL,NULL,NULL,NULL,NULL,NULL,NULL,NULL,NULL,NULL,NULL,NULL,NULL,NULL,NULL,NULL,NULL,NULL,NULL,NULL,NULL,NULL,0,NULL,NULL,NULL,NULL,NULL,1,1,218
208,NULL,208,English,,Peppin,E,Bosse, ,5/16/1998,28,Male,73269 Kuripuni Ln,Austin,TX,78737,Hays County,,590-54-6616,418-993-7641,Beauty care specialist,Divorced,0,White,Not Hispanic or Latino,,standard,NULL,,PB-22M-4AC9F,0000-00-00 00:00:00,0000-00-00 00:00:00,None,USA,,,,,,,,,,,,,,,,,,,,,,,,,,,,,,,,,,,,,,0,,,,,,YES,,,,NULL,NULL,NULL,NULL,NO,NO,NO,NO,YES,NO,0,NULL,NO,NULL,NULL,NULL,0,NULL,NULL,NULL,NULL,NULL,NULL,NULL,NULL,NULL,NULL,NULL,NULL,NULL,NULL,NULL,NULL,NULL,NULL,NULL,NULL,NULL,NULL,NULL,0,NULL,NULL,NULL,NULL,NULL,1,1,178
209,NULL,209,English,Ms.,Debra,J,Kirschbaum, ,2/28/1938,88,Female,94520 Merlin Rd,Dale,TX,78616,Bastrop County,,718-98-4409,410-305-5792,Extruding and drawing machine operators,Divorced,0,Hawaiian or Pacific Islander,Not Hispanic or Latino,,discount,NULL,,DK-92F-4B0FC,0000-00-00 00:00:00,0000-00-00 00:00:00,None,USA,,,,,,,,,,,,,,,,,,,,,,,,,,,,,,,,,,,,,,0,,,,,,YES,,,,NULL,NULL,NULL,NULL,NO,NO,NO,NO,YES,NO,0,NULL,NO,NULL,NULL,NULL,0,NULL,NULL,NULL,NULL,NULL,NULL,NULL,NULL,NULL,NULL,NULL,NULL,NULL,NULL,NULL,NULL,NULL,NULL,NULL,NULL,NULL,NULL,NULL,0,NULL,NULL,NULL,NULL,NULL,1,1,208
